Timestamp,Regime_V2,Real_Liquidity,VIX_Index,Strategy_Value,Benchmark_Value,Alpha_Basis,Circuit_Breaker_Active,SPY_Ret,QQQ_Ret,GLD_Ret,SHY_Ret,XLF_Ret,XLU_Ret,XLE_Ret,TLT_Ret,DBC_Ret,EFA_Ret,EEM_Ret
2026-04-01 10:00:00,Neutral,,24.54,0.9999393095258656,1.0012874174289204,-0.13481079030547294,False,0.0012874174289203566,0.0023149791980348056,0.0006615669430969362,-6.0690474134372785e-05,-0.001306352128586985,0.004685427840344314,-0.0019517628537562004,0.00040408267947333876,-0.0001741622179578517,0.0027364373920286678,1.7228092656917937e-06
2026-04-01 11:00:00,Neutral,,24.54,0.99975714544625,1.003001494144455,-0.3244348698204891,False,0.0017118728206291234,0.001150654723578004,0.0019835974187141225,-0.0001821751359109003,0.0015115780652030786,0.0010872904488561375,-0.004506409119516941,-0.0005770026499510861,-0.0024381643001191167,0.0024256909020361483,0.0020826740286155054
2026-04-01 12:00:00,Neutral,,24.54,0.9996964549721157,0.9968003343342347,0.2896120637881028,False,-0.006182602764225997,-0.007346685470268621,-0.006701117799667977,-6.0705216672674034e-05,-0.006037416891762293,-0.0007587220160786279,0.005806302786866446,-0.001847404006255715,0.0008729583244313499,-0.00816694450596267,-0.010053701337564114
2026-04-01 13:00:00,Neutral,,24.54,0.9995749813666346,0.9996495033018205,-0.007452193518586725,False,0.0028583146187333153,0.003438968824412747,0.002542717862830779,-0.00012151048938602305,0.0012148486339846887,0.0010846997664919478,0.004417424203011722,-0.0019664334869449185,0.0008721303935745883,0.0027345449310982595,0.004114876691298175
2026-04-01 14:00:00,Neutral,,24.54,0.9995142908925002,0.9982477954929418,0.1266495399558365,False,-0.0014021992750946621,-0.0012649799710635623,0.0002856196303806513,-6.071627968462501e-05,-0.001011106901701364,-0.0009752298883121124,-0.0027900053640553812,-0.00011592647626312846,-0.0003485614742309018,-0.00019259311625785536,-0.0020054351036490337
2026-04-01 15:00:00,Neutral,,24.54,1.0001968039191778,0.9908735086337597,0.9323295285418087,False,-0.00738723079828163,-0.010371558278396753,-0.021038425854245757,0.0006828446905626784,-0.00485833342213704,0.006947962397179097,0.01119118040675704,0.004984355186135714,0.021956056496889476,-0.014500104089942067,-0.019395432801504242
2026-04-02 09:00:00,Neutral,,23.87,1.0003644208164435,0.9984153717864204,0.1949049030023131,False,0.0076113278707587995,0.009909623674754897,0.0014466938601818136,0.00016758391609417167,0.007017925585312668,-0.0018375677541989655,-0.004108307852442761,0.0002307297942913955,-0.006813423602844759,0.0063277893643465255,0.0071276110743410115
2026-04-02 10:00:00,Neutral,,23.87,1.0002465608422466,0.9944996475969126,0.5746913245334051,False,-0.003921939004706609,-0.0038703537072668492,-0.004697522713261626,-0.0001178170392152067,-0.002323031531876185,-0.00010785051293205061,-0.004882992397839625,-0.0005766034485003013,0.0010305317302610195,-0.0007157067083053414,-0.0034501007297397246
2026-04-02 11:00:00,Neutral,,23.87,1.000363216272682,0.9974098210309368,0.2953395241745316,False,0.002926268944444921,0.0031631892779562243,0.0002717665619536014,0.00011662667486422862,0.003948161515164639,0.00032375111279159263,0.0001709190967882357,-0.000173063227937309,0.0032601655007880037,0.002660276611313961,0.004079846607520254
2026-04-02 12:00:00,Neutral,,23.87,1.000241742667201,0.9957033698737072,0.45383727934937834,False,-0.0017108826494868223,-0.002330473506278463,7.020871415130969e-05,-0.000121429500310688,-0.002319206733746637,-0.002912981609118237,0.001267153685639233,-0.0003461863680048749,0.002223315387446023,-0.0014797108872575127,-0.002206670789742571
2026-04-02 13:00:00,Neutral,,23.87,1.0002429472109626,0.9970287291049245,0.3214218106038169,False,0.0013310783826967487,0.0016301412904440316,0.0028784980303659946,1.2042526422728628e-06,0.0,-0.0006470373893172621,0.0,0.0015006897941467479,0.0008532944208163862,0.0013286140504833455,0.0015062747477048166
2026-04-02 14:00:00,Neutral,,23.87,1.0001822567368281,0.9993143507148639,0.08679060219642931,False,0.0022924330495384115,0.0031399459869418944,0.0016334103595831984,-6.0675733134285537e-05,0.0014149927854645306,0.0036790519878180383,0.0012671613838304285,0.00011529175894331445,0.0005114881247469949,0.0007144283774842553,0.0016809912718591669
2026-04-02 15:00:00,Neutral,,23.87,0.9993928172870192,1.0031081589661084,-0.3715341679089157,False,0.0037964112579096376,0.006085881812210703,0.002911199561816291,-0.0007892955953693326,0.00817518715809995,0.0011866301399450219,-0.004471808929365828,-0.00023046900486456412,-0.001363357713678015,0.0033655705394111113,0.011482029750460532
2026-04-06 09:00:00,Neutral,,24.17,0.9992106532074037,1.0009065114921352,-0.16958582847315107,False,-0.002194825607083617,-0.0033644420549759912,-0.004087398501788186,-0.0001822747536950331,-0.0022024348988626263,-0.0029112704927467536,0.0027968627598053963,-0.0012680916118351648,0.005290125961827652,-0.0013213789087948014,-0.004366049726305832
2026-04-06 10:00:00,Neutral,,24.17,0.9995142908925003,1.0022293598687886,-0.27150689762882596,False,0.0013216502854811463,0.001252254062515501,-0.00025660874284849644,0.00030387754986604953,0.0017056102344574775,-0.0012946254370690413,0.0027890621357828937,0.0017314194284088202,-0.0011882480904009673,0.0025735714356709405,0.0002631679492619554
2026-04-06 11:00:00,Neutral,,24.17,0.9993879064547609,1.0016151304467995,-0.22272239920385628,False,-0.0006128631295231335,-0.00021191229803241285,-0.0019831228435417403,-0.0001264458536420765,-0.0018028113219485942,-0.0002163670575913157,0.003371272825408722,-0.0016719876530142397,0.004078886435153084,-0.00033351493606270655,-0.0006137631999224569
2026-04-06 12:00:00,Neutral,,24.17,0.9995628432718079,1.002910080439411,-0.3347237167603212,False,0.0012928618520708923,0.0014135332030611458,0.0007480826903183413,0.0001750439603251941,0.0019064299120024053,0.0002164138824263251,0.0002519846999402553,0.0019632680862604612,-0.00135412709165883,0.0022341953689024585,0.00236880711628773
2026-04-06 13:00:00,Neutral,,24.17,0.9994535077611536,1.0023617841983743,-0.29082764372206915,False,-0.0005467052846817033,-0.0002125922721047946,-0.0022658815412670563,-0.00010938332831222919,-0.0023034124291816394,-0.0010841467254277815,-0.00033591631602503114,-0.0013247076028530813,-0.0008474446959414461,-0.002077229972472505,-0.0016630410626365943
2026-04-06 14:00:00,Neutral,,24.17,0.9995142908925003,1.0038699708396794,-0.4355679947179114,False,0.0015046330228074556,0.0011483254383364283,0.0013111012478828066,6.08163670192674e-05,0.001606063323666529,2.148664262291433e-06,0.002688169458695544,-0.0005190399573644644,0.0001696068092247316,0.00015230125963827668,0.0014904944939393427
2026-04-06 15:00:00,Neutral,,24.17,0.9993928172870192,0.9970594173273706,0.2333399959648652,False,-0.006784298475042805,-0.01046069495013524,-0.0024784829235567907,-0.00012153263498881905,-0.0006012984498672269,0.002383028828318645,0.013069684572860618,-0.005481805721367805,0.0027137016603897557,-0.010152284263959421,-0.00604046591200913
2026-04-07 09:00:00,Neutral,,25.78,0.9990284891277882,0.995314838378617,0.37136507491711823,False,-0.0017497241572923539,-0.0016889185042061605,0.0017580048018939198,-0.0003645495073899552,-0.003008454152480744,0.0012967662134730773,8.271697305595183e-05,-0.0002901250361881935,0.0027063574137824453,-0.0031282082582131387,-0.002466080474186283
2026-04-07 10:00:00,Neutral,,25.78,0.9995129936915266,0.9993752621866887,0.0137731504837868,False,0.0040795370987196655,0.005177264297263839,0.002187794111136565,0.00048497572292593993,0.0020117137529700457,0.0017267000473935035,-0.005788447419794007,0.0008125327171721874,-0.004385936688379388,0.00293228728848427,0.0024721770617670558
2026-04-07 11:00:00,Neutral,,25.78,0.9993928172870193,0.9992229370098199,0.01698802771994412,False,-0.00015242039965601695,-0.00013692177703783504,-0.0005953815322566891,-0.00012023495969115672,-0.0007026670637851895,-0.002477950416826191,0.00024951158994657163,-0.0015657867585143759,0.0083022341573884,-0.0007694355257875651,-0.001497253545662658
2026-04-07 12:00:00,Neutral,,25.78,0.9996964549721159,0.9997257588848684,-0.0029303912752465244,False,0.0005032129031716792,0.00025664597656516186,0.0042635492561067245,0.00030382216066038303,0.0008035580030927303,0.00021605220058473762,-0.0035755887039539136,0.0026136780683509997,-0.00621742467350872,0.0037472190169269837,0.0034400580418103566
2026-04-07 13:00:00,Neutral,,25.78,1.0000607831313468,1.0005027288804351,-0.044194574908829054,False,0.0007771831311353949,0.0009923813350853905,0.0015701955055977823,0.00036443878281144926,0.0014051931497334191,0.0005399314483129913,0.0034214806513388485,0.002317281697302054,-0.003381818819809923,0.0016365313245689794,0.0015822811339281095
2026-04-07 14:00:00,Neutral,,25.78,1.0002429472109622,1.0044642064197717,-0.4221259208809558,False,0.003959486990874561,0.006272939042355707,0.0028917098364062976,0.00018215300778523513,0.0003007558354317652,-0.0007555290465348641,0.0006653512348306911,0.001502684663135856,-0.0037325655095310495,0.0042887589874041065,0.006143557427095603
2026-04-07 15:00:00,Neutral,,25.78,1.001275241214521,1.0271204841001995,-2.5845242885678577,False,0.022555584893544367,0.02790809642709191,0.014254446179071012,0.0010320432715242855,0.02605208812240911,-0.00043193960162679623,-0.046542540627699025,0.006521265528468545,-0.03780318137429928,0.03884087192771424,0.0534717139397638
2026-04-08 09:00:00,Neutral,,21.04,1.001213346196625,1.025444535176189,-2.423118897956389,False,-0.0016316965243651227,-0.0016195017175372195,-0.003584900743139219,-6.18161873460199e-05,-0.00400394195312348,0.0028092328283397805,-0.0005229912653009761,-0.0015481008359131687,0.005306191508743563,-0.002691607426910103,-0.00256684248745942
2026-04-08 10:00:00,Neutral,,21.04,1.001213346196625,1.0284765315538629,-2.726318535723782,False,0.0029567629195594858,0.0033600300483265233,-0.00024064115026611876,0.0,0.001961021490596293,0.0014007637779585025,-8.723300114266141e-05,-0.0010910901692442465,-0.0031690194998866827,0.002011893005628096,0.002324412928980113
2026-04-08 11:00:00,Neutral,,21.04,1.0010323866607709,1.0284612804372533,-2.742889377648239,False,-1.4828842605174586e-05,-0.0005031221868023739,0.00026364277935320146,-0.00018074023537695272,-0.000587192353016186,0.0004303950341788543,0.0027911006590959353,-0.001070439817168256,0.006004948057256598,-0.00039178174461451665,-0.0004952724481858128
2026-04-08 12:00:00,Neutral,,21.04,1.0007299535194356,1.0282632019105558,-2.7533248391120146,False,-0.00019259697031404066,-0.0010810937138611143,-0.006003862478100808,-0.0003021212354018532,0.001174999998132531,0.0008603376938274288,-0.00043492259917288223,-0.0007699478669422888,-0.002808986130333535,-0.000979800867266345,-0.0023218153984168044
2026-04-08 13:00:00,Neutral,,21.04,1.0006084799139545,1.026221505171756,-2.5613025257801514,False,-0.0019855779483367586,-0.003800125289272649,-0.003204426691712836,-0.00012138500007319308,-0.0015648279912897634,0.002901399952121464,0.011399279575887489,-0.00023042414212270934,0.007922548749715874,-0.002697151121500707,-0.0017441784203592325
2026-04-08 14:00:00,Neutral,,21.04,1.0009109130552898,1.0297868256576976,-2.887591260240785,False,0.003474221177371284,0.004942416254823945,0.00492623354169619,0.0003022492287505507,0.002644767187250041,0.002250070506296442,-0.0007743608765867771,0.0013250244321707516,-0.002270761015113254,0.004966365687538943,0.006073680944427506
2026-04-08 15:00:00,Neutral,,21.04,1.000851427124917,1.0273718485404173,-2.6520421415500373,False,-0.0023451233372868696,-0.003936179417899588,0.007088413392195347,-5.943179317657865e-05,-0.00400550663994359,0.015394509592817629,0.012209396203118228,-0.004717565813291191,0.011379578747087171,-0.011644998659125827,-0.014885837327324403
2026-04-09 09:00:00,Neutral,,19.49,1.001032386660771,1.029862988246132,-2.8830601585360993,False,0.002424769288017714,0.0030404567329302967,0.00283368048801913,0.0001808055930678787,0.0007847163653700306,0.0022109820704414584,-0.004831664369459032,0.0014450867052022698,0.0012116962830108768,0.0035148847221146973,0.004868990835183551
2026-04-09 10:00:00,Neutral,,19.49,1.001700352505099,1.0359118228794837,-3.4211470374384767,False,0.005873436274909549,0.006310202611675919,0.002859888615669659,0.000667276956498819,0.008232911666520515,-0.0012606654428430897,-0.018035735095991656,0.0043290043290042934,-0.014695685890019239,0.008928999549334904,0.009106131955512797
2026-04-09 11:00:00,Neutral,,19.49,1.0014598143816595,1.0365061514541896,-3.504633707253002,False,0.0005737250619013423,0.00029566267563807536,7.953841369068293e-05,-0.00024012981810161982,0.00048600584260150015,0.0,-0.0036542462980864165,0.0005747477213542407,0.00017543992347301973,0.00029335789820250646,-0.00016561199030806772
2026-04-09 12:00:00,Neutral,,19.49,1.0012133461966253,1.034311943549294,-3.3098597352668735,False,-0.0021169270455531075,-0.002373616775775411,-0.0022493643673503483,-0.0002461089117055115,-0.0010687972435734494,-0.0044177781665458715,0.004366597707172959,-0.003618637913418099,0.005263144509834339,-0.003763829629334081,-0.0033120303684908148
2026-04-09 13:00:00,Neutral,,19.49,1.0009886524565095,1.0359422321180893,-3.495357966157986,False,0.0015762058815649294,0.002395528934997726,-0.0017307170021957363,-0.0002244214392160826,-0.0005835770841212673,-0.002218690766901288,0.0021746694675623957,-0.0010953043181484157,0.0017452406657916253,0.0015701257448212935,0.002076929420084195
2026-04-09 14:00:00,Neutral,,19.49,1.0010930771349056,1.0358660695296549,-3.477299239474929,False,-7.352011152073068e-05,0.0011487285460995977,-0.001186187511608483,0.00010432154064865529,-0.00107056555086682,-0.0015883261541842497,-0.004600284554366452,0.0008656157521989005,0.0006968135847877921,-0.0011267867575867063,-0.00016584539881803195
2026-04-09 15:00:00,Neutral,,19.49,1.0012157552841483,1.038380085910284,-3.7164330626135778,False,0.002426970488347724,0.003835506416804746,0.004887482245126362,0.000122544198980723,-0.0063328286218253815,0.0036058578278646003,-0.012120678286968056,-0.0024217158893068413,-0.005571025460913148,0.006768047690639323,0.008872302722738645
2026-04-10 09:00:00,Neutral,,19.23,1.0012752412145212,1.0379534266236699,-3.667818540914869,False,-0.0004108893192420471,0.0002938043265179324,-0.002943209934085922,5.941369785578132e-05,-0.004510237220389901,-0.00021131399816953778,0.002824606692896303,0.0013872348464503137,0.005248614818082364,-0.0031176899525243718,-0.002876621019054393
2026-04-10 10:00:00,Neutral,,19.23,1.0009716035294245,1.0353328384160008,-3.4361234886576275,False,-0.002524764734573526,-0.0028403370504074266,-0.0037728280969157035,-0.00030325096696526277,-0.0008864014475786774,-0.0004227979628927958,0.0017603815435942582,-0.0025973849826388395,0.0008742875486569268,-0.0035672191639775086,-0.0028849198401046383
2026-04-10 11:00:00,Neutral,,19.23,1.0009109130552902,1.0340378884233892,-3.3126975368098943,False,-0.0012507571908882964,-0.0016369365955095638,0.0009155136159870736,-6.063156429247929e-05,-9.860149832163767e-05,-0.002749308840747311,-0.000878644023075581,5.783858020502741e-05,-0.0003480156140392987,-0.0005885457987406806,-0.0009093213957307444
2026-04-10 12:00:00,Neutral,,19.23,1.0008550407562016,1.0351500110059129,-3.4294970249711287,False,0.0010755143452425564,0.0012872367404708207,0.0005029289033358086,-5.582145060045729e-05,0.0019717731207773426,-0.0012723477923214377,-0.0003517801059661485,0.0011295971948057648,-0.005396020351160602,0.002011893005628096,0.002068509008253283
2026-04-10 13:00:00,Neutral,,19.23,1.0010323866607713,1.0355157588207022,-3.4483372159930914,False,0.0003533283204373294,0.0011053685388064949,-0.00025137291098120684,0.00017719439613927968,0.00010036899305299052,-0.002441908387003977,0.0012316300862464935,2.7694310203996153e-05,-0.002800137366488986,0.0008717386673038341,-0.0010733816593413437
2026-04-10 14:00:00,Neutral,,19.23,1.0009109130552902,1.035058597300869,-3.414768424557879,False,-0.0004414819532576608,-0.0004907213723983617,-0.0008684136117819152,-0.00012134832708698973,-0.0005922452354658603,-0.0006385436268450118,0.0006150575197767516,5.7856574434023145e-05,0.0003510083875808423,-0.00028378130488182496,0.001074535045551439
2026-04-10 15:00:00,Neutral,,19.23,1.0011744301674095,1.035407141112166,-3.423271094475644,False,0.00033673824091295934,0.0005204300250365446,-0.009309895919683231,0.000263277289399122,0.001870395831727878,-0.00830669613015833,0.0044784171806360185,-0.0011559180632503274,0.02122805411355544,-0.0033281514790240996,-0.004211065425317795
2026-04-13 09:00:00,Neutral,,19.12,1.0009109130552902,1.0353175872993914,-3.4406674244101154,False,-8.649139958438745e-05,0.0007555788334894231,-0.002459021995838362,-0.0002632079927123998,-0.00039297717846131786,-0.0040808083290831965,0.0017483779116120868,-0.0004629199610239887,0.004981977668587545,-0.0008347975321882917,0.0002487461001361435
2026-04-13 10:00:00,Neutral,,19.12,1.0010323866607715,1.0381820073835868,-3.7149620722815246,False,0.002766706679510067,0.0027624447186824774,0.00579815260703187,0.00012136305429066852,0.005013216258791919,-0.003558272689901276,0.0012218083909361077,0.0020840604313041577,0.0,0.0033419800054146354,0.004393653492157368
2026-04-13 11:00:00,Neutral,,19.12,1.0013347271448945,1.0398427051909878,-3.8507978046093294,False,0.001599621064119816,0.0018092965968987684,0.0024623205817653204,0.00030202867374895526,0.0030321321837403215,0.001298507871791088,-0.005431945210934153,0.0005199095015444577,-0.0041025927943042495,0.003967733733039047,0.005529862567632549
2026-04-13 12:00:00,Neutral,,19.12,1.0013372288896296,1.0396827544558143,-3.8345525566184646,False,-0.00015382204863778615,-0.0011551593974977736,-0.0033056448939433603,2.498410039519783e-06,0.001070644694606493,-0.0019453183567539334,-0.004353777956789262,0.00046193100021318934,-0.003089538202269204,9.752641011440133e-05,-0.0004925321110270664
2026-04-13 13:00:00,Neutral,,19.12,1.0013967148200025,1.0418615252548733,-4.046481043487082,False,0.0020956111753527296,0.002370059815227199,0.0032475138791820957,5.940649029789746e-05,0.002826805491301876,0.0035733820953680606,-0.00026405051611400054,0.0008079839914374443,-0.003443539198246248,0.0028783862278149996,0.0034491731125769753
2026-04-13 14:00:00,Neutral,,19.12,1.0014574052941367,1.0452211416558124,-4.376373636167563,False,0.003224628532200846,0.0032096412827375964,-0.0005509670824492829,6.0605825080273235e-05,0.0032054574146380688,0.0008632049071133352,0.005898909650854822,0.00046134495914418316,0.0006910349013817818,0.0002431667616276112,-0.00040922375610719097
2026-04-13 15:00:00,Neutral,,19.12,1.0016395693737523,1.0527935070416923,-5.115393766793996,False,0.007244749540641582,0.010351219096453868,0.014793041061193613,0.00018189897908049701,-0.0004840765196959529,-0.002802955263504825,-0.02144417460168213,0.0017868323752283644,-0.004143609657401681,0.007586798928307825,0.014491602106647461
2026-04-14 09:00:00,Neutral,,18.36,1.0017610429792334,1.0547285389588386,-5.296749597960515,False,0.0018379975790159264,0.0012024818803262338,-0.0014713067551278547,0.0001212747670871206,0.003971675088464632,0.0036756360853040793,0.0014310914879025471,0.0005753213059311868,0.00242717387149316,0.0003861465097156902,0.00032276075337600574
2026-04-14 10:00:00,Neutral,,18.36,1.0018217334533677,1.0567777682613297,-5.495603480796207,False,0.0019428973681834272,0.0036190446961354983,0.0028675993853453097,6.058378348772209e-05,-0.0006754119571251715,-0.0015079641875352934,-0.003661986745869039,0.0008050568979995898,-0.005534411907872516,0.000482515228052538,0.0016942857526240918
2026-04-14 11:00:00,Neutral,,18.36,1.0020038975329832,1.0569987234629417,-5.499482592995841,False,0.00020908388522911103,0.0005425498968658626,0.0018183136377525333,0.0001818328286686821,0.0009655158290600152,-0.0007551207888745193,-0.0009861103302751806,0.00040224848838987803,0.0027860558551291437,0.00019286885616853766,0.00048322774503950505
2026-04-14 12:00:00,Neutral,,18.36,1.00206468066433,1.0552617700724929,-5.319708940816281,False,-0.0016432880682751838,-0.0012757755176273644,0.0026864043317391673,6.066157177286868e-05,-0.0010610650361185803,0.0015113828543624752,-0.0017498177544167381,0.0010924174659543429,-0.0013908446918762252,-0.0008678528499432847,-0.0012075472903304574
2026-04-14 13:00:00,Neutral,,18.36,1.002133895602007,1.0577605353365125,-5.5626639734505545,False,0.0023679103468781104,0.002969989018233088,0.0005400441649545673,6.907232538222452e-05,0.001448450457852024,0.0025871025315165053,0.004179930121894104,-0.00011590713352382931,0.0,0.0017855183621655613,0.0030627650064691814
2026-04-14 14:00:00,Neutral,,18.36,1.0022468447439457,1.057996741654734,-5.5749896910788355,False,0.00022330793249558667,0.0006686348363704742,0.0008996106697518602,0.00011270863348133986,-0.001542725235052056,-0.0006451476896044417,0.0011637029315492153,0.0006885191532475243,0.0013893368151001173,-0.0014933164606313332,0.0004017923100361198
2026-04-14 15:00:00,Neutral,,18.36,1.00206468066433,1.0618438358194988,-5.977915515516874,False,0.0036362060612282754,0.0050672951123804655,-0.004179460613137009,-0.00018175570277012554,0.005890879694582463,-0.0060247184182863345,-0.00491769885883786,-0.0020068283083444216,-0.00034686884870960277,-0.0025087045326290802,-0.0019276936848958703
2026-04-15 09:00:00,Neutral,,18.17,1.0017015570488605,1.0625294851046354,-6.082792805577486,False,0.0006457157465225016,0.0022953219566572702,-0.005641175901463957,-0.00036237542593442473,0.0005760134071075562,-0.001190611657952756,0.004151298248173507,-0.0020683746282067483,0.006592662597832755,-0.0007254493154834618,0.002414255731578052
2026-04-15 10:00:00,Neutral,,18.17,1.001821733453368,1.0625141409934122,-6.069240754004435,False,-1.4441115694374673e-05,0.0008370976540348352,0.0027457993923076796,0.00011997226485438439,0.00028784090333444645,-0.0035760927115306984,-0.0015390961414866178,5.6400152227631395e-05,0.00017232543009848555,-0.0007744236079411104,-0.0011239514482376256
2026-04-15 11:00:00,Neutral,,18.17,1.0019432070588492,1.0626056476930699,-6.066244063422066,False,8.612280639574976e-05,-0.001088838533384151,-0.0019009602801860481,0.00012125271535334825,0.0021103234599819665,0.002392618031591409,0.00457066229133174,0.00017384673903397818,-0.001895581813984304,-0.0009203315292560799,-0.0024915412566781647
2026-04-15 12:00:00,Neutral,,18.17,1.0019420025150878,1.0642511873784746,-6.230918486338677,False,0.0015485892522566491,0.002313206479639396,-0.001473775357997198,-1.202207623118845e-06,0.0012443500708241295,-0.0009742646784934861,-0.0009812916812439454,-0.0009209025916930846,-0.0013811812653045097,0.000591531468016937,0.0013697378785697545
2026-04-15 13:00:00,Neutral,,18.17,1.0020245600913529,1.066536622999187,-6.451206290783418,False,0.0021474588403722628,0.0033897020280975187,0.0018165438959996116,8.239755999639442e-05,-0.0003824179360502056,0.0018505881448349637,-0.0014288592365849784,0.0005760836579316031,-0.0010373681385325018,0.0019768656882495073,0.0015288255815295582
2026-04-15 14:00:00,Neutral,,18.17,1.0020646806643303,1.0662928841172743,-6.4228203452944,False,-0.0002285330636160321,0.0011544937340768335,-0.0016772597526691913,4.003951058217936e-05,-0.0023909717467227587,-0.002174507965159944,-0.0026829105041725754,-0.00023028321848606037,-0.0003461484628975997,-0.0006286069357505086,-0.0008033941764311603
2026-04-15 15:00:00,Neutral,,18.17,1.0020038975329835,1.0652263288953525,-6.322243136236905,False,-0.0010002460279051606,-0.0004157973100155088,0.0005448750771339661,-6.0657892169690975e-05,-0.0011503702425083029,0.004454057785139964,0.012195127791335914,-0.0017981343905307812,0.010384351234298261,-0.0030968710844251346,0.0024876966277489476
2026-04-16 09:00:00,Neutral,,17.94,1.0020038975329835,1.0677250941593721,-6.5721196626388645,False,0.002345759953765736,0.004002588174296662,0.0007487952311997503,0.0,-0.0010557693422977854,-0.002487516004936796,0.0010631001904848336,-0.00027573929958524257,0.0012029149460108801,-0.0001941973793428975,0.0019297541582785627
2026-04-16 10:00:00,Neutral,,17.94,1.001821733453368,1.06959912161008,-6.777738815671208,False,0.0017551591331506078,0.0022980859016952238,-0.0007368865301998762,-0.0001817997715019004,0.0018254689533934165,-0.0015180203181944796,0.0007964277689436194,-0.0012120200189812413,-0.001882604993616921,0.0005340354045697548,0.002100587570878165
2026-04-16 11:00:00,Neutral,,17.94,1.0018229379971293,1.0676031782211088,-6.578024022397955,False,-0.0018660667802031794,-0.0015441574774064382,-0.0029385706808828793,1.2023533939586883e-06,-0.0028771020621609633,-0.00401775580302921,0.0027412255551060305,-0.003062514658348059,0.0012002691219223927,-0.0026201819386104663,-0.0030547465283203845
2026-04-16 12:00:00,Neutral,,17.94,1.0018825165847145,1.0662166285342265,-6.4334111949512,False,-0.0012987500554211273,-0.003952177225352238,0.00043241339109134636,5.947017713969771e-05,0.0019236024419932995,0.0049062030337241325,-0.0019400460118417229,0.0005796447239505564,-0.0003561864995648145,0.0005351525600505447,-0.0012820805945253921
2026-04-16 13:00:00,Neutral,,17.94,1.0018825165847145,1.067923265680683,-6.6040749095968465,False,0.0016006476552543614,0.0027444756299754847,0.0006824957643400964,0.0,0.0001920348738846389,0.0027123793530055007,0.00026505371281126955,0.0002895660751598417,-0.0032414586733952033,0.0014100616598708982,0.0017650932427828447
2026-04-16 14:00:00,Neutral,,17.94,1.0017610429792334,1.068898221208334,-6.713717822910059,False,0.0009129453013925204,0.0016579300837891164,0.0006137648154793673,-0.0001212453590818674,-0.0012477673458698435,0.002813267056716251,-0.00017663318812932705,-0.00046320694729129475,0.00034376860877904925,0.00024279219470146884,0.00032036613272312664
2026-04-16 15:00:00,Neutral,,17.94,1.0034613028271198,1.0805920148687238,-7.713071204160404,False,0.010940044083121991,0.009712577878417061,0.01659622095375335,0.0016972708809177561,0.012781105729949394,-0.01240830300056317,-0.048149169185308205,0.00909612983726138,-0.036955370860996206,0.01757279183100735,0.023218586793035678
2026-04-17 09:00:00,Neutral,,17.48,1.0034613028271198,1.0827174997542628,-7.925619692714303,False,0.0019669633462886527,0.003757744903763127,-0.0012849757951098884,0.0,-0.000759102680690682,-0.0020758488357942584,0.006218728528164741,0.0,0.0048314972046819005,-0.0011448823583880552,-0.001877977209960191
2026-04-17 10:00:00,Neutral,,17.48,1.0037649405122164,1.0840735472079261,-8.030860669570972,False,0.0012524480799203097,0.00044695429283470034,0.00046989516031881173,0.00030259032833779287,0.0033235790677981214,0.005255127832038964,0.0031362081579695555,0.0008038088713340219,0.0,0.0004298229811439125,0.0014895143073279105
2026-04-17 11:00:00,Neutral,,17.48,1.0034613028271198,1.0815900330605162,-7.812873023339639,False,-0.002290909278071074,-0.0030339460191090017,-0.0019011543098007566,-0.00030249879512800337,-0.0026500700263730748,0.0027227183710618608,0.007540227078843387,-0.0016636641052979462,0.004083798712404496,-0.003771463886561466,-0.00524460406219418
2026-04-17 12:00:00,Neutral,,17.48,1.0035256995897508,1.0814833682388625,-7.795766864911169,False,-9.86185323396116e-05,0.00042096144766246013,0.0005377932422969689,6.417463478625152e-05,-0.0023723667348254374,0.0018464013197434515,0.0027380035830371074,-0.0003447739174848863,0.0005305498567445,0.000862602745295149,0.0011016634217124732
2026-04-17 13:00:00,Neutral,,17.48,1.003521993301254,1.0806453937768572,-7.712340047560318,False,-0.000774838048013482,-0.00020440787825093398,-0.0008734442862977643,-3.693267146331891e-06,-0.0019023775655588882,0.0,0.0019113413964049197,0.0001171863727336131,0.0003534224535042263,-0.0016278671689027302,-0.0016506766424907449
2026-04-17 14:00:00,Neutral,,17.48,1.003521993301254,1.0818490230590385,-7.832702975778449,False,0.0011138059618007734,0.0019459008642499498,-0.0004931656975859511,0.0,-0.0006671084972899033,0.0006505332759971783,-0.0009084163559023306,0.0006875122292366864,-0.00035329759020308327,0.0004795263892087842,0.0018108473637561406
2026-04-17 15:00:00,Neutral,,17.48,1.0031576651420229,1.080173074135028,-7.7015408993005074,False,-0.0015491523200451551,-0.0036607168728265416,-0.006414317389927149,-0.0003630495013193791,0.004768262417410574,0.0014105700256885623,0.009365327767394849,-0.002182681616832105,0.013078788261250418,-0.005799978350102486,-0.006444512013448422
2026-04-20 09:00:00,Neutral,,18.87,1.0032779342037426,1.0792284348513692,-7.595050064762665,False,-0.0008745258572707693,-0.0011680058919618652,-0.0030924002328599487,0.00011989048770577604,-0.0016134981773017198,0.0004306228033965631,-0.002432251754482362,0.001093728068565225,0.0027913441776685755,0.0010124461278169239,-0.001107414900143766
2026-04-20 10:00:00,Neutral,,18.87,1.0031273662335618,1.0781923818626664,-7.5065015629104614,False,-0.0009599941543844137,-0.0008828425658869987,-0.0016641805993883318,-0.0001500760308260629,-0.001521091913639805,-0.0005407489034034985,0.00045153560341693044,-0.00024610949582559716,0.0006959101573749127,-0.001155910991326281,-0.0012622817665686181
2026-04-20 11:00:00,Neutral,,18.87,1.003279138747504,1.0786951107431015,-7.5415971995597575,False,0.0004662701099469313,0.0008215542997433989,0.0020184936180704938,0.0001512993454779732,0.0014281779265190586,-0.0012767389975989474,0.0012636464346198473,0.0010513788113468703,0.0010431393048244697,-0.00019292383055169449,0.00023313944769665085
2026-04-20 12:00:00,Neutral,,18.87,1.0033994078092237,1.0792131837347598,-7.5813775925536175,False,0.00048027750056389706,0.0013630595913618482,0.0007356462973919786,0.00011987597177576248,-0.00047540455992345354,-0.0031635263668801095,-0.0014423840410096034,0.0,-0.002778806130969591,0.0004823290502649069,0.0012682998872737272
2026-04-20 13:00:00,Neutral,,18.87,1.0033398292216382,1.07875611520954,-7.541628598790173,False,-0.0004235201460734972,-0.0002478263972782724,0.0007463564305099091,-5.937674182554531e-05,0.0,-0.004238662977868457,-0.0046040852423178125,0.0006894289864034508,0.00017419255571970993,0.0006748909949900739,-0.00015831401672816714
2026-04-20 14:00:00,Neutral,,18.87,1.0032791387475037,1.0797769170816331,-7.649777833412941,False,0.0009462767883312573,0.0006811485412816509,-0.0006556527217347341,-6.048845303141537e-05,0.0011414700819669665,-0.0016372137238830353,-0.0009069333591844586,-0.0005167155011583935,-0.001044774037474716,0.001348871648651162,0.0005542774116458205
2026-04-20 15:00:00,Neutral,,18.87,1.0026111729031761,1.0826413371658286,-8.00301642626524,False,0.0026527887741267797,0.003707953811948661,-0.008435420386867953,-0.0006657826506405451,0.006270818642369447,-0.006636080137751188,0.0002723200644481061,-0.0015510355561862976,0.00679796752500339,-0.008178567031898454,0.00110794071677911
2026-04-21 09:00:00,Neutral,,19.5,1.0023683183494263,1.0767296695873496,-7.436135123792331,False,-0.00546041184235091,-0.004402888612343059,-0.0066827676750887965,-0.0002422220700440958,-0.00821267446179308,-0.008148555849296302,0.004900634391168834,-0.002243825988875958,0.004847690480104472,-0.00562671537399928,-0.007905138339920903
2026-04-21 10:00:00,Neutral,,19.5,1.0023075352180795,1.0762268477123011,-7.391931249422168,False,-0.00046698989472560015,-0.0006420727343090515,-0.004500521064282781,-6.063951766444031e-05,-0.00047792574994942605,0.005630114211589543,0.0023480041448011857,0.00011535158962150405,-0.00034459781957574265,-0.0011219303782391554,-0.0006374647892803953
2026-04-21 11:00:00,Neutral,,19.5,1.0021860616125984,1.0736824220930663,-7.149636048046792,False,-0.0023642093900960726,-0.0026558388198304472,-0.004359322302096236,-0.00012119394618215207,-0.002476374055872421,-0.0037514768641107032,0.00439678323988546,-0.0007495668875836525,0.00379181694187114,-0.004151028401526369,-0.004783913912300264
2026-04-21 12:00:00,Neutral,,19.5,1.0021860616125984,1.074305578997949,-7.211951738535061,False,0.0005803922016975882,0.0016149909055498402,-0.0007876484617664881,0.0,-0.00038194322777795886,0.0005315817976454529,0.0001973768317924396,0.0006923727360097498,-0.004464322265406162,0.0004904183229386128,0.0014420790387428273
2026-04-21 13:00:00,Neutral,,19.5,1.0023683183494263,1.0783065792480115,-7.593826089858524,False,0.0037242664734129516,0.0037371051614922823,0.0036979532449652464,0.00018185918145241509,0.003916286399404001,-0.0011954446927576745,8.970525767226789e-05,0.002306458929634214,-0.00310452408756301,0.004264263792611356,0.004479980468750089
2026-04-21 14:00:00,Neutral,,19.5,1.001882516584714,1.0728444476310612,-7.096193104634718,False,-0.005065471844528213,-0.005174544025468464,-0.007403340209008236,-0.00048465394986962895,-0.004947637018229312,-0.003879043450005004,0.0017038365023038793,-0.004199480641141284,0.011245701288212562,-0.007857877959625337,-0.008362499544278035
2026-04-21 15:00:00,Neutral,,19.5,1.002489699297695,1.0825651745773943,-8.007547527969926,False,0.00906070490255817,0.013161948350322916,0.013730176197453314,0.0006060418291864433,0.0029642145072299453,0.005674256250726373,0.009539885341876886,0.006240324420708099,0.004961521158973525,0.005214470508456692,0.016384233238509793
2026-04-22 09:00:00,Neutral,,18.92,1.0022832590284259,1.0820776038189552,-7.979434479052938,False,-0.0004503846695690372,3.066905286863708e-05,-0.0016298787423458805,-0.00020592757153903296,-0.0031461705879963775,-0.00011065534127696619,3.897049426160315e-05,-0.001321673429361958,0.0037452740844321486,-0.0020553889423138294,-0.00039512485619908055
2026-04-22 10:00:00,Neutral,,18.92,1.0020646806643296,1.080485443041684,-7.842076237735429,False,-0.0014713924136791068,-0.0005362244636539781,-0.001954486354207363,-0.00021808042998550103,-0.0023909717467227587,-0.0036511862324455358,-0.0015074769354066486,-0.0018971074265260457,0.0016961039750880147,-0.0006375288543538637,-0.0010276462720788526
2026-04-22 11:00:00,Neutral,,18.92,1.0021253711384641,1.081833771942429,-7.97084008039648,False,0.001247891778115351,0.0019619412216553833,0.0018316172102128547,6.0565425870739986e-05,0.000575258262800471,-0.0001110731359411643,0.002664325540171042,0.00011521871341746426,-0.000338646415486199,0.0015702798702654786,0.0018991679872857326
2026-04-22 12:00:00,Neutral,,18.92,1.0021860616125984,1.0809348860085988,-7.874882439600039,False,-0.0008308909900419659,-0.0010096742554072113,-0.001069338124125352,6.0561757921906434e-05,-0.0015330426166403344,-0.0031097154203669763,0.001151437127201227,-0.0001543102608151381,0.0,-0.0010288898791787071,-0.0010267534380482557
2026-04-22 13:00:00,Neutral,,18.92,1.002306330674318,1.0824585097557404,-8.015217908142237,False,0.0014095425791720295,0.0016691323418480675,0.003061804312618932,0.00012000671963674492,0.001343435283354566,-0.0008912859753865687,0.0015040092964810903,0.00021190174122409644,-0.0010162834071913984,-0.0002942499283458133,0.001660334273395181
2026-04-22 14:00:00,Neutral,,18.92,1.0021860616125984,1.0836164786827063,-8.14304170701079,False,0.0010697582554246576,0.0014370049536129859,-0.000899677075814842,-0.00011999231975201585,0.0002874823165839313,0.00033450913464316834,-0.0010600275655692215,-0.0008062159203523489,0.0006782115265819844,0.0006868102048840363,0.0007103665337149234
2026-04-22 15:00:00,Neutral,,18.92,1.0022468447439452,1.0825804256940035,-8.033358095005827,False,-0.0009561067121849343,-0.002381384743689763,-0.002223632093659056,6.065054551740445e-05,-0.0016286469957703664,0.022398834406077928,0.00282985222535026,0.002420599286738767,0.003388694703290618,-9.799497053886164e-05,-0.008124300277758567
2026-04-23 09:00:00,Neutral,,19.31,1.0021873588135723,1.0848048568482778,-8.261749803470542,False,0.002054749098985731,0.004299788031909557,0.0004374408627518811,-5.9352574353188636e-05,-0.002111133505766527,-0.00021153159103293184,-0.0024691250046674496,0.00046110618461292496,0.0013508614439114996,0.0003921679232823383,0.001988071570576455
2026-04-23 10:00:00,Neutral,,19.31,1.0021860616125984,1.082885076047741,-8.069901443514272,False,-0.001769701516744937,-0.0015541259803608654,-0.002140247560802555,-1.2943697228484652e-06,-0.002115599819430103,0.0010905791367918916,0.0030940458417878514,-0.0013240170144823704,0.001349103407823904,-0.0021897305295071057,-0.0022222125341021526
2026-04-23 11:00:00,Neutral,,19.31,1.0016395693737519,1.0757545280704717,-7.41149586967198,False,-0.006584768905758875,-0.008003838086902526,-0.0033439767035750023,-0.0005453001790577394,-0.00742022422642008,0.0,0.0025557496466690477,-0.006501368489642445,0.007073057618566692,-0.009298953643809615,-0.011454044125232765
2026-04-23 12:00:00,Neutral,,19.31,1.0019432070588485,1.0795027689611145,-7.755956190226598,False,0.00348429013574858,0.0024766528662765186,0.002024713052076299,0.0003031406649465218,0.005145619216474495,0.0017428761154250072,0.0034458358267803746,0.00411240509103572,-0.0015050192932465345,0.004908306931794781,0.0043450347669080625
2026-04-23 13:00:00,Neutral,,19.31,1.001761042979233,1.0793427252313275,-7.75816822520945,False,-0.00014825689603470416,-0.0008670003483174371,-0.003590916814185774,-0.00018181078361745318,0.0012557218617343935,0.0018486099460390815,-0.0021199520308972097,-0.001845912108283887,0.0014269178485031286,-0.001973502148380879,-0.0024835567966005057
2026-04-23 14:00:00,Neutral,,19.31,1.001761042979233,1.0793960111448475,-7.763496816561455,False,4.936885409456693e-05,0.00046073290184112103,-0.000950226317951719,0.0,-0.0008682612782702215,0.0009769235858936298,0.00017554773438277493,0.0005779363580433738,8.025542405154518e-05,0.0008404440821445647,0.001365337451037174
2026-04-23 15:00:00,Neutral,,19.31,1.002573554074934,1.081559530827297,-7.898597675236285,False,0.002004379912572407,0.010331499027284696,0.006704210642717534,0.0008110827441289992,-0.005503521256191579,-0.0004337553133577643,-0.003423149202174791,0.0010396669470074116,-0.0031772346008869246,0.0011853710679470275,0.015640013983551748
2026-04-24 09:00:00,Neutral,,18.71,1.002633040005307,1.0845915272049709,-8.195848719966392,False,0.002803355979263289,0.0046494628657829384,-0.0009217298929866669,5.9333233089153836e-05,-0.0006796086876137419,0.0026057303887192518,-0.005196441452595457,-0.0008078389252290652,0.0028552314403236245,0.0,0.0031588212473732113
2026-04-24 10:00:00,Neutral,,18.71,1.0030349869927802,1.0868026601295184,-8.376767313673827,False,0.0020386780360028833,0.0027223045368081067,0.0005305170855782748,0.0004008914243152084,0.0001942741961244998,-0.0016251847082229265,-0.0008853340134830079,0.001030175362420449,-0.004018053450378201,0.0032560615295811335,0.0033062912145265244
2026-04-24 11:00:00,Neutral,,18.71,1.002854027456926,1.0863742339452485,-8.352020648832248,False,-0.00039420789071220597,-0.0005731597025829815,-0.0002132340014172618,-0.00018041198781770795,0.0004876291161124424,0.001625680408975816,0.0017723046552151622,-0.0007406777584371138,-0.0018475077033947018,0.0,-0.0010984652255838778
2026-04-24 12:00:00,Neutral,,18.71,1.002854027456926,1.0863742339452485,-8.352020648832248,False,0.0,0.00021130459308382754,-0.0011471072519243508,0.0,0.00033398906495052394,-0.0006491837241121567,0.0011499093313465103,-0.00040404125818815917,0.0015211289809282658,-0.0007375781669659576,-0.0008640374869299805
2026-04-24 13:00:00,Neutral,,18.71,1.0029755010624073,1.0874711984057759,-8.449569734336858,False,0.0010097482306292704,0.0013126849905973348,0.0003541363363603889,0.00012112790311991084,-0.0010467272335901168,0.0007579005452753584,0.00256229823948928,0.0020790055598176593,0.004025465496321434,0.0009349302511698632,0.0007075783761363308
2026-04-24 14:00:00,Neutral,,18.71,1.0027933369827917,1.0878368532259517,-8.504351624315998,False,0.0003362432225439971,0.00042187402567517296,-0.0005155588419115675,-0.00018162365822749216,-0.0002598805187085107,-0.0007573265670572926,0.002731978102219257,-0.0006916227122039098,-0.0006692955480835927,0.00039332268168768003,0.0011784234802421079
2026-04-24 15:00:00,Neutral,,18.71,1.0026718633773106,1.0870217554388608,-8.43498920615502,False,-0.000749283116005639,-0.002620822558416669,-0.00574882877266536,-0.0001211352339521854,0.006705488841398877,0.0015158010905507169,0.007118980201124225,-0.002191405059969509,0.008037500542949383,-0.00019654652532197225,0.0004707906265251083
2026-04-27 09:00:00,Neutral,,18.02,1.002489699297695,1.0863437317120292,-8.38540324143342,False,-0.0006237443946629506,-0.0005285283159459642,-0.0019041596143547501,-0.0001816786590599362,-0.00019303642989987324,0.0007567534575592116,-0.005326794295963833,-0.002138541017453033,0.0016611042002290244,-0.002211939357264603,-0.0009411980124082175
2026-04-27 10:00:00,Neutral,,18.02,1.0026111729031761,1.0876540258158638,-8.504285291268765,False,0.0012061505632012803,0.0011483632365509866,-0.0011400603592274239,0.00012117192382743447,0.0007724421289023731,0.0004321153252588861,-0.004907917475873047,0.000579241859548496,-0.0023184249943525304,0.0003448054758146135,-0.0008635626685774556
2026-04-27 11:00:00,Neutral,,18.02,1.002489699297695,1.0887814925096104,-8.629179321191538,False,0.0010366041654661373,0.001343163980691786,0.0008385528157839328,-0.00012115724297123709,-0.0008683450647385405,0.0006478518323975724,0.0009681013562836682,-0.0011577247365683885,0.002988719224051639,-0.000590934298385748,-0.000392829603850009
2026-04-27 12:00:00,Neutral,,18.02,1.0025491852280681,1.0895433043831813,-8.699411915511313,False,0.0006996921593651617,0.0005878406946198123,0.0010705193336231211,5.933819610781654e-05,-0.0006759337241644126,-0.0012948647842717653,0.002994838112754028,0.0005794890927737217,-0.002154475767094599,-4.932376813138184e-05,-0.00015724156790608568
2026-04-27 13:00:00,Neutral,,18.02,1.0026658406585034,1.0896043088496195,-8.693846819111606,False,5.599085983343244e-05,-0.00025586847165337545,-0.0004649115245627389,0.00011635881027505235,0.0026089890620768497,-0.0011885532871354076,0.00017560940180971762,-0.000463287431759718,-0.0011625925243082813,0.0008870445033617447,0.000864784693323184
2026-04-27 14:00:00,Neutral,,18.02,1.0026561116511994,1.089634718088225,-8.69786064370257,False,2.7908515374486242e-05,0.0008737436314241176,-0.00018610789061979105,-9.703140278150002e-06,-0.0015420553085504496,-0.0010796203724304787,-0.0028975487999226557,0.00011583133119019706,0.0006651299623097184,-0.001526254530363813,-0.00039270617643583083
2026-04-27 15:00:00,Neutral,,18.02,1.0020646806643296,1.083677390154531,-8.161270949020128,False,-0.005467270668601976,-0.009983001635518352,-0.023565275543483644,-0.0005898642415850253,0.0026062188845339396,0.001297341243628125,0.012504454287322053,-0.002954948245305511,0.006812892079311794,-0.005522733526245105,-0.011944084920207598
2026-04-28 09:00:00,Neutral,,17.83,1.0021253711384641,1.081620535293735,-7.94951641552708,False,-0.001898032458260146,-0.004491240679250996,0.0011435912648209978,6.0565425870739986e-05,0.002791960218147649,0.0031365013886965887,0.0073925765290023815,0.0010459825306019521,-0.0034659033494602864,0.0013884076172894222,-0.0022268075716068703
2026-04-28 10:00:00,Neutral,,17.83,1.0020245600913522,1.0822604312290427,-8.023587113769048,False,0.0005916085303743213,0.0008706589067175585,0.0014278380414372016,-0.00010059724063993247,-0.00028807995042667844,0.0,0.00025898971615867517,1.1515399056527542e-06,0.0008280761208359078,-0.0005446653134025814,0.0011956123622949288
2026-04-28 11:00:00,Neutral,,17.83,1.0018217334533672,1.0819556878806915,-8.01339544273243,False,-0.0002815804214564288,0.0004960087364602739,0.00237631287152551,-0.00020241683294308643,-0.00038414401788544605,-0.0025875780460327125,-0.0017261949524305376,0.0003472331716809496,0.002978658021955516,-0.00029731392404319656,0.0004776495366787259
2026-04-28 12:00:00,Neutral,,17.83,1.0020038975329828,1.0838297153313996,-8.18258177984168,False,0.001732074124383809,0.003416806760398794,0.0011853396977818953,0.0001818328286686821,-0.0026899681924086316,-0.0007566716377450655,-0.0014698754362527655,0.0007543501537743413,0.0006599722013616027,0.0012389117811482109,0.0028646503986384797
2026-04-28 13:00:00,Neutral,,17.83,1.0020038975329828,1.084195463146189,-8.219156561320617,False,0.00033745874431723166,0.00031926966391693234,-0.0007104051556728885,0.0,-0.001059634071270521,-0.0020554136346619956,-0.00034635826709894513,0.0011017828052688472,-0.000659536925325166,-0.0006433856085085177,-0.0003966946191187315
2026-04-28 14:00:00,Neutral,,17.83,1.0020549516570254,1.084332537206448,-8.227758554942266,False,0.0001264292878162543,-0.0006990896344772901,-4.736508741820522e-05,5.0952021412697945e-05,0.0001929052367373174,0.0027100271002709064,8.663608917180987e-05,0.0004634026374972233,0.0011549198831761753,0.0001485750024903254,-7.93946337827034e-05
2026-04-28 15:00:00,Neutral,,17.83,1.0013967148200016,1.084027793858097,-8.263107903809551,False,-0.0002810423351642388,0.003786654206610285,-0.013672959748037616,-0.0006568869660643628,0.002410335490336424,-0.005794628246410305,0.011432528194101899,-0.005789717420868867,0.017139105311418934,-0.0070317824689405395,0.0007144267446101971
2026-04-29 09:00:00,Neutral,,18.81,1.0013080418677167,1.0830938489549877,-8.1785807087271,False,-0.0008615506986083821,0.00027269138630892087,0.0026427108975897173,-8.854927420132164e-05,-0.0016350694137672317,0.0015876182863561183,0.0020551281578886638,-0.0007000275994634153,0.001620195595322782,-0.0002493668995233733,-0.001983182649863191
2026-04-29 10:00:00,Neutral,,18.81,1.0011537676090392,1.0813919545338182,-8.023818692477903,False,-0.0015713268271364544,-0.0026959413062618287,0.003498483261766383,-0.00015407272510237213,-0.0012524554816022437,0.0015199151961866608,0.008289192005891177,-0.0004067236921618811,0.002588156716304635,-0.001745927577115447,-0.002622956903774565
2026-04-29 11:00:00,Neutral,,18.81,1.0009728080731852,1.081635693415731,-8.066288534254573,False,0.00022539365203422257,0.0003747610006443747,-0.002937059054015534,-0.00018075099121506177,-9.640693558854441e-05,-0.0020596470613142293,-0.0016950330694395221,0.00023324517697553837,-0.0012907069530213588,-0.0007495197888475191,-0.0004782051831604406
2026-04-29 12:00:00,Neutral,,18.81,1.00066194312552,1.0805843893104186,-7.992244618489863,False,-0.000971957667181278,-0.0001179549921555001,-0.0032569818936537542,-0.00031056282963748405,-9.648983095811303e-05,-0.005757101817861376,-0.0016979758560333735,-0.00046629263647179897,-0.0003231091643076667,-0.001550220316554607,-0.0012756819889226945
2026-04-29 13:00:00,Neutral,,18.81,1.0006679658443272,1.0830984056910478,-8.24304398467206,False,0.0023265340546272384,0.0036832617318596217,0.0022789195105865634,6.018734747037513e-06,0.0017366165221988084,-0.003714589122965517,0.002041036658207096,0.0001165608083946168,0.0024240095118377436,0.0008013806429663095,0.0017563565140599202
2026-04-29 14:00:00,Neutral,,18.81,1.000607275370193,1.0841802120295791,-8.357293665938625,False,0.0009988070639261881,0.0008244138781106081,0.0007227969726220085,-6.0649962031256166e-05,9.62583709880338e-05,0.0018642193704792032,0.0022914082905092226,-0.0007579128224988185,0.0020957773766490106,0.0003002580141855393,-0.0006375663764298656
2026-04-29 15:00:00,Neutral,,18.81,1.001457405294136,1.0848353590814963,-8.337795378736024,False,0.0006042787395010851,-0.0037335140033067926,0.0165528157682846,0.0008496139743023878,0.0023113010557425095,0.022657614721925512,0.0008467271415164568,0.001050254817674512,-0.006113273311583511,0.018661174887032672,0.006459310595993806
2026-04-30 09:00:00,Neutral,,16.89,1.0015776743558558,1.0885225025110874,-8.694482815523163,False,0.00339880461926767,0.006440486614544216,-2.3515996774747805e-05,0.00012009403603574498,0.0008646842458430726,-0.003106060995796467,0.008121884421770087,0.0005829220385800138,-0.0001618375158750629,0.0020627580555292457,0.00427859059856206
2026-04-30 10:00:00,Neutral,,16.89,1.001457405294136,1.0896652203214436,-8.820781502730757,False,0.0010497879535977805,0.0004145836277558157,-0.003275344781745959,-0.00012007961519011623,0.0009599546498879619,0.001827323349732568,0.002517584870288747,-0.0006408051264410464,0.002752115390731502,0.0007842163557647552,0.0004733535194774152
2026-04-30 11:00:00,Neutral,,16.89,1.0015180957682706,1.090625110721712,-8.910701495344142,False,0.000880903953220713,0.0017027120338166668,0.0022694809076508893,6.0602152236910456e-05,-0.0018221426884869052,-0.005036986743119365,-0.0046877411927466195,-0.0007578250101999418,-0.0012915404929136898,0.0007836018423832414,0.000630879525233885
2026-04-30 12:00:00,Neutral,,16.89,1.0015788788996174,1.093779023037649,-9.220014413803156,False,0.002891839079195435,0.0036096107918686116,0.00045972175819319894,6.069099660166444e-05,0.0018254689533934165,0.001723434601688778,-0.0005887274510167906,0.0011667072125685074,0.003556437415655589,0.0013701921748661139,0.003940420855899074
2026-04-30 13:00:00,Neutral,,16.89,1.0016395693737516,1.0956683016049664,-9.402873223121478,False,0.0017272945700408382,0.0010647630044668954,-0.0006245773938817756,6.059480227960101e-05,0.0013427354325352692,0.0059140113092237545,0.0013464279243411426,-0.0009322247283077845,-0.0006443446254431606,0.0016126756740473258,0.0036894671713243454
2026-04-30 14:00:00,Neutral,,16.89,1.0015788788996172,1.0945560860278294,-9.297720712821222,False,-0.0010151024498088468,-0.00047913176900415966,-0.00037750067194819437,-6.059113077205858e-05,-0.0012451381884174273,0.0013896018084151862,0.00243718733283238,-0.001428965160286233,0.0024177580426838485,-0.0021467721847827637,-0.00046924416007620984
2026-04-30 15:00:00,Neutral,,16.89,0.999574981366634,1.1034978900917127,-10.39229087250787,False,0.00816934296746119,0.010927667256047435,0.006490594501059377,-0.0020007386090097334,0.007384007302211559,0.008646429931202793,-0.014000655483198843,0.003533633147029702,-0.012702960576860156,0.004987233485058029,0.00892018280458684
2026-05-01 09:00:00,Neutral,,16.89,0.9993321268128841,1.1017627965935335,-10.243066978064942,False,-0.0015723577849660053,-0.001578097036914583,-0.002321522907577145,-0.00024295781534855454,-0.00038077976549544257,-0.0023261216215463287,0.0002550699697405623,-0.0023246074116753945,0.0027686997511500167,-0.0014108849645095844,-0.0013184284607297148
2026-05-01 10:00:00,Neutral,,16.89,0.9993321268128841,1.1017627965935335,-10.243066978064942,False,0.0,0.0,0.0,0.0,0.0,0.0,0.0,0.0,0.0,0.0,0.0
