Timestamp,Inflation_Sentiment,Labor_Market,Manufacturing,Monetary_Policy,Inflation_CPI,Yield_Curve_10Y2Y,Fed_Funds_Rate,Unemployment_Rate,VIX_Index,Inflation_YoY,Regime_V2,DBC,GLD,QQQ,SHY,SPY,TLT,XLE,Strategy_Return,Strategy_Value,Benchmark_Value,Alpha_Basis,Peak
2026-02-12 09:00:00,0.0021799999999999,-0.3804,0.6369,-0.3892,326.588,0.55,3.64,4.3,17.24,2.391201432150014,Neutral / Transitioning,-0.005539607067411301,-0.004277891955420832,-0.001631374648214945,0.00048269005506562657,0.001654843854103083,0.006189643952936086,-0.0017279232719917825,0.0010687669545843548,1.0010687669545844,1.001654843854103,-0.05860768995187282,1.0010687669545844
2026-02-12 10:00:00,-0.3446000000000001,0.7876,-0.802,-0.3892,326.588,0.55,3.64,4.3,17.24,2.391201432150014,Neutral / Transitioning,-0.005539607067411301,-0.004277891955420832,-0.001631374648214945,0.00048269005506562657,0.001654843854103083,0.006189643952936086,-0.0017279232719917825,0.0010687669545843548,1.002138676171972,1.0033124262163877,-0.11737500444157778,1.002138676171972
2026-02-12 11:00:00,0.2333799999999999,0.0258,0.4389,0.0,326.588,0.55,3.64,4.3,17.24,2.391201432150014,Neutral / Transitioning,-0.005539607067411301,-0.004277891955420832,-0.001631374648214945,0.00048269005506562657,0.001654843854103083,0.006189643952936086,-0.0017279232719917825,0.0010687669545843548,1.0032097288729755,1.004972751618657,-0.17630227456815195,1.0032097288729755
2026-02-12 12:00:00,0.19498,0.3182,0.8074,0.7184,326.588,0.55,3.64,4.3,17.24,2.391201432150014,Neutral / Transitioning,-0.005539607067411301,-0.004277891955420832,-0.001631374648214945,0.00048269005506562657,0.001654843854103083,0.006189643952936086,-0.0017279232719917825,0.0010687669545843548,1.0042819262797125,1.0066358246002143,-0.23538983205018127,1.0042819262797125
2026-02-12 13:00:00,0.19498,0.3182,0.8074,0.7184,326.588,0.55,3.64,4.3,17.24,2.391201432150014,Neutral / Transitioning,-0.005539607067411301,-0.004277891955420832,-0.001631374648214945,0.00048269005506562657,0.001654843854103083,0.006189643952936086,-0.0017279232719917825,0.0010687669545843548,1.0053552696156065,1.0083016497078738,-0.2946380092267331,1.0053552696156065
2026-02-12 14:00:00,-0.1620999999999999,0.2263,0.4019,0.7184,326.588,0.55,3.64,4.3,17.24,2.391201432150014,Neutral / Transitioning,-0.005539607067411301,-0.004277891955420832,-0.001631374648214945,0.00048269005506562657,0.001654843854103083,0.006189643952936086,-0.0017279232719917825,0.0010687669545843548,1.0064297601053889,1.0099702314959749,-0.35404713905859975,1.0064297601053889
2026-02-12 15:00:00,0.4773799999999999,0.6542,0.0,0.0,326.588,0.55,3.64,4.3,17.24,2.391201432150014,Neutral / Transitioning,-0.017330310118273684,-0.03355386553922768,-0.016405729513657596,0.0005465148267227438,-0.013656766424688938,0.002201023671058344,-0.005557010108513616,-0.006555125798983097,0.9998324864200576,0.9961773039485453,0.3655182471512308,1.0064297601053889
2026-02-12 16:00:00,-0.13052,-0.1531,-0.836,0.0,326.588,0.55,3.64,4.3,17.24,2.391201432150014,Neutral / Transitioning,0.001893733252634533,0.013780867506430372,0.0022261801010627913,-6.393067302623567e-05,0.0007607073578437262,-0.001295166827162686,-0.00906930615565471,0.0003483883424087453,1.000180816402688,0.9969351033533759,0.32457130493120934,1.0064297601053889
2026-02-13 09:00:00,-0.06788,0.25,0.0,0.1531,326.588,0.55,3.64,4.3,17.24,2.391201432150014,Neutral / Transitioning,0.002940545848638232,0.019668956318556585,0.003979643429721236,0.0012659238539718398,0.0025249285286013112,0.003926205062935173,0.004355089220510866,0.0018954261912865755,1.00207658531812,0.9994522932369969,0.2624292081123025,1.0064297601053889
2026-02-13 10:00:00,0.2187599999999999,0.7964,0.1761,0.5719,326.588,0.55,3.64,4.3,17.24,2.391201432150014,Neutral / Transitioning,0.002940545848638232,0.019668956318556585,0.003979643429721236,0.0012659238539718398,0.0025249285286013112,0.003926205062935173,0.004355089220510866,0.0018954261912865755,1.0039759475236067,1.001975838845167,0.20001086784398048,1.0064297601053889
2026-02-13 11:00:00,0.1639,0.3818,0.7003,-0.8176,326.588,0.55,3.64,4.3,17.24,2.391201432150014,Neutral / Transitioning,0.002940545848638232,0.019668956318556585,0.003979643429721236,0.0012659238539718398,0.0025249285286013112,0.003926205062935173,0.004355089220510866,0.0018954261912865755,1.0058789098299645,1.0045057562256363,0.13731536043282144,1.0064297601053889
2026-02-13 12:00:00,0.00836,0.34,0.5423,-0.8176,326.588,0.55,3.64,4.3,17.24,2.391201432150014,Neutral / Transitioning,0.002940545848638232,0.019668956318556585,0.003979643429721236,0.0012659238539718398,0.0025249285286013112,0.003926205062935173,0.004355089220510866,0.0018954261912865755,1.0077854790609189,1.0070420614666746,0.07434175942442334,1.0077854790609189
2026-02-13 13:00:00,0.13046,-0.6124,0.872,-0.8176,326.588,0.55,3.64,4.3,17.24,2.391201432150014,Neutral / Transitioning,0.002940545848638232,0.019668956318556585,0.003979643429721236,0.0012659238539718398,0.0025249285286013112,0.003926205062935173,0.004355089220510866,0.0018954261912865755,1.0096956620531292,1.0095847706971732,0.011089135595598876,1.0096956620531292
2026-02-13 14:00:00,0.37906,0.0,-0.8,-0.8176,326.588,0.55,3.64,4.3,17.24,2.391201432150014,Neutral / Transitioning,0.002940545848638232,0.019668956318556585,0.003979643429721236,0.0012659238539718398,0.0025249285286013112,0.003926205062935173,0.004355089220510866,0.0018954261912865755,1.0116094656562131,1.012133900086748,-0.052443443053484806,1.0116094656562131
2026-02-13 15:00:00,-0.27664,0.5267,-0.6486,-0.8176,326.588,0.55,3.64,4.3,17.24,2.391201432150014,Neutral / Transitioning,0.0010471044410584884,0.003666682264305221,9.930423263782018e-05,-5.898093078526845e-05,0.0013032105972059504,0.00144802139800837,0.005441442724919421,0.000622114833210341,1.0122388029102138,1.0134529237111325,-0.121412080091865,1.0122388029102138
2026-02-13 16:00:00,-0.22686,0.6597,-0.8625,-0.8176,326.588,0.55,3.64,4.3,17.24,2.391201432150014,Neutral / Transitioning,0.0,-0.0014930916281473694,0.00047278696529073905,0.00013845717364358023,5.846193695013824e-05,5.5795796909396955e-05,-0.0005487181641253835,9.845955529685924e-05,1.0123384674926026,1.0135121721320604,-0.11737046394577622,1.0123384674926026
