Timestamp,Inflation_CPI,Yield_Curve_10Y2Y,Fed_Funds_Rate,Unemployment_Rate,VIX_Index,Liquidity_M2,SPY,QQQ,GLD,SHY,XLF,XLU,XLE,TLT,DBC,EFA,EEM,Inflation_CPI_LastYear,Liquidity_M2_LastYear,Inflation_Sentiment,Labor_Market,Manufacturing,Monetary_Policy,Real_Liquidity,Growth_Pulse,Regime_V2,ML_Crash_Veto
2026-04-29 09:00:00,0.0,0.5,0.0,0.0,18.81,0.0,711.47998046875,660.0599975585938,416.2300109863281,82.45500183105469,51.98500061035156,45.98199844360352,58.38999938964844,85.86000061035156,30.86000061035156,100.26000213623048,63.02999877929688,320.302,21775.7,0.0,0.0,0.0,0.0,,,Neutral,False
2026-04-29 10:00:00,0.0,0.5,0.0,0.0,18.81,0.0,710.8670043945312,660.239990234375,417.3299865722656,82.44770050048828,51.900001525878906,46.05500030517578,58.5099983215332,85.79989624023438,30.90999984741211,100.23500061035156,62.90499877929688,320.302,21775.7,0.0,0.0,0.0,0.0,,,Neutral,False
2026-04-29 11:00:00,0.0,0.5,0.0,0.0,18.81,0.0,709.75,658.4600219726562,418.7900085449219,82.43499755859375,51.834999084472656,46.125,58.994998931884766,85.76499938964844,30.989999771118164,100.05999755859376,62.7400016784668,320.302,21775.7,0.0,0.0,0.0,0.0,,,Neutral,False
2026-04-29 12:00:00,0.0,0.5,0.0,0.0,18.81,0.0,709.9099731445312,658.706787109375,417.55999755859375,82.42009735107422,51.83000183105469,46.02999877929688,58.89500045776367,85.78500366210938,30.950000762939453,99.98500061035156,62.709999084472656,320.302,21775.7,0.0,0.0,0.0,0.0,,,Neutral,False
2026-04-29 13:00:00,0.0,0.5,0.0,0.0,18.81,0.0,709.219970703125,658.6290893554688,416.2000122070313,82.39450073242188,51.82500076293945,45.76499938964844,58.79499816894531,85.74500274658203,30.940000534057617,99.83000183105467,62.630001068115234,320.302,21775.7,0.0,0.0,0.0,0.0,,,Neutral,False
2026-04-29 14:00:00,0.0,0.5,0.0,0.0,18.81,0.0,710.8699951171875,661.0549926757812,417.14849853515625,82.3949966430664,51.915000915527344,45.595001220703125,58.915000915527344,85.75499725341797,31.01499938964844,99.91000366210938,62.7400016784668,320.302,21775.7,0.0,0.0,0.0,0.0,,-0.0008573471753352546,Neutral,False
2026-04-29 15:00:00,0.0,0.5,0.0,0.0,18.81,0.0,711.5800170898438,661.5999755859375,417.4500122070313,82.38999938964844,51.91999816894531,45.68000030517578,59.04999923706055,85.69000244140625,31.07999992370605,99.94000244140624,62.70000076293945,320.302,21775.7,0.3423166666666665,0.0,0.4939,0.0,,0.0010030184139997456,Neutral,False
2026-04-30 09:00:00,0.0,0.52,0.0,0.0,16.89,0.0,712.010009765625,659.1298828125,424.3599853515625,82.45999908447266,52.040000915527344,46.71500015258789,59.09999847412109,85.77999877929688,30.88999938964844,101.80500030517578,63.10499954223633,320.302,21775.7,0.3423166666666665,0.0,0.4939,0.0,,0.003184233554949012,Neutral,False
2026-04-30 10:00:00,0.0,0.52,0.0,0.0,16.89,0.0,714.4299926757812,663.375,424.3500061035156,82.46990203857422,52.084999084472656,46.56990051269531,59.58000183105469,85.83000183105469,30.88500022888184,102.01499938964844,63.375,320.302,21775.7,0.3423166666666665,0.0,0.4939,0.0,,0.006367032021297847,Neutral,False
2026-04-30 11:00:00,0.0,0.52,0.0,0.0,16.89,0.0,715.1799926757812,663.6500244140625,422.9601135253906,82.45999908447266,52.1349983215332,46.65499877929688,59.72999954223633,85.7750015258789,30.96999931335449,102.09500122070312,63.40499877929688,320.302,21775.7,0.3423166666666665,0.0,0.4939,0.0,,0.008403629647861566,Neutral,False
2026-04-30 12:00:00,0.0,0.52,0.0,0.0,16.89,0.0,715.8099975585938,664.780029296875,423.9200134277344,82.46499633789062,52.040000915527344,46.41999816894531,59.45000076293945,85.70999908447266,30.93000030517578,102.1750030517578,63.44499969482422,320.302,21775.7,0.3423166666666665,0.0,0.4939,0.0,,0.006949234705836638,Neutral,False
2026-04-30 13:00:00,0.0,0.52,0.0,0.0,16.89,0.0,717.8800048828125,667.1796264648438,424.1148986816406,82.47000122070312,52.1349983215332,46.5,59.415000915527344,85.80999755859375,31.040000915527344,102.31500244140624,63.69499969482422,320.302,21775.7,0.3423166666666665,0.0,0.4939,0.0,,0.00885351983145033,Neutral,False
2026-04-30 14:00:00,0.0,0.52,0.0,0.0,16.89,0.0,719.1199951171875,667.8900146484375,423.8500061035156,82.4749984741211,52.20500183105469,46.775001525878906,59.494998931884766,85.7300033569336,31.020000457763672,102.4800033569336,63.93000030517578,320.302,21775.7,0.3423166666666665,0.0,0.4939,0.0,,0.009985794095651812,Neutral,False
2026-04-30 15:00:00,0.0,0.52,0.0,0.0,16.89,0.0,718.3900146484375,667.5700073242188,423.6900024414063,82.47000122070312,52.13999938964844,46.84000015258789,59.63999938964844,85.60749816894531,31.09499931335449,102.26000213623048,63.900001525878906,320.302,21775.7,0.2427166666666664,0.0,0.0,0.0,,0.005542911150502761,Neutral,False
2026-05-01 09:00:00,0.0,0.51,0.0,0.0,16.99,0.0,724.2587890625,674.864990234375,426.4400024414063,82.30500030517578,52.525001525878906,47.244998931884766,58.80500030517578,85.91000366210938,30.700000762939453,102.7699966430664,64.47000122070312,320.62,21834.0,0.2427166666666664,0.0,0.0,0.0,,0.012694421655660815,Neutral,False
2026-05-01 10:00:00,0.0,0.51,0.0,0.0,16.99,0.0,723.2899780273438,674.7000122070312,425.6799926757813,82.25990295410156,52.41999816894531,47.060001373291016,58.89500045776367,85.66500091552734,30.850000381469727,102.48999786376952,64.27999877929688,320.62,21834.0,0.2427166666666664,0.0,0.0,0.0,,0.010449673089593547,Neutral,False
2026-05-01 11:00:00,0.0,0.51,0.0,0.0,16.99,0.0,722.1400146484375,674.010009765625,425.8013916015625,82.26000213623047,52.21500015258789,46.95000076293945,58.78499984741211,85.65499877929688,30.86000061035156,102.33999633789062,64.16999816894531,320.62,21834.0,0.2427166666666664,0.0,0.0,0.0,,0.0059341529735466025,Neutral,False
2026-05-01 12:00:00,0.0,0.51,0.0,0.0,16.99,0.0,722.97998046875,675.239990234375,425.260009765625,82.25,52.2400016784668,46.720001220703125,58.77000045776367,85.62000274658203,30.780000686645508,102.43000030517578,64.23999786376953,320.62,21834.0,0.2427166666666664,0.0,0.0,0.0,,0.0053676512651181785,Neutral,False
2026-05-01 13:00:00,0.0,0.51,0.0,0.0,16.99,0.0,722.1799926757812,674.8701171875,424.5299987792969,82.25499725341797,52.11000061035156,46.56999969482422,58.82500076293945,85.66999816894531,30.75,102.29499816894533,64.16999816894531,320.62,21834.0,0.2427166666666664,0.0,0.0,0.0,,0.005275655215222441,Neutral,False
2026-05-01 14:00:00,0.0,0.51,0.0,0.0,16.99,0.0,722.4199829101562,675.5499877929688,424.6000061035156,82.25,52.095001220703125,46.66999816894531,58.96500015258789,85.6449966430664,30.770000457763672,102.38999938964844,64.18499755859375,320.62,21834.0,0.0246166666666664,-0.0322,-0.6249,-0.296,,-0.0025388799971953757,Neutral,False
2026-05-01 15:00:00,0.0,0.51,0.0,0.0,16.99,0.0,720.6699829101562,674.1599731445312,423.2999877929688,82.24500274658203,51.93999862670898,46.52999877929688,58.84000015258789,85.5999984741211,30.81999969482422,102.0999984741211,64.13999938964844,320.62,21834.0,-0.1250166666666668,0.0,0.0,-0.296,,-0.0036223301812270403,Neutral,False
2026-05-04 09:00:00,0.0,0.5,0.0,0.0,18.29,0.0,721.239990234375,675.030029296875,419.6799926757813,82.20500183105469,52.15499877929688,46.73500061035156,59.220001220703125,85.27999877929688,30.979999542236328,101.56999969482422,64.73500061035156,320.62,21834.0,-0.1250166666666668,0.0,0.0,-0.296,,-0.0012463295147834286,Neutral,False
2026-05-04 10:00:00,0.0,0.5,0.0,0.0,18.29,0.0,718.4400024414062,672.7849731445312,416.6700134277344,82.16500091552734,51.79499816894531,46.6349983215332,59.255001068115234,85.05500030517578,31.309999465942383,100.96499633789062,64.27999877929688,320.62,21834.0,-0.1250166666666668,0.0,0.0,-0.296,,-0.006279534911049933,Neutral,False
2026-05-04 11:00:00,0.0,0.5,0.0,0.0,18.29,0.0,717.0,671.27001953125,414.5299987792969,82.125,51.70500183105469,46.345001220703125,59.25,84.84500122070312,31.34000015258789,100.5500030517578,64.05000305175781,320.62,21834.0,-0.1250166666666668,0.0,0.0,-0.296,,-0.007172716951889813,Neutral,False
2026-05-04 12:00:00,0.0,0.5,0.0,0.0,18.29,0.0,718.5700073242188,673.222412109375,415.4400024414063,82.1449966430664,51.69499969482422,46.29499816894531,59.209999084472656,84.97850036621094,31.31999969482422,100.83000183105467,64.19000244140625,320.62,21834.0,-0.1250166666666668,0.0,0.0,-0.296,,-0.005329276151011864,Neutral,False
2026-05-04 13:00:00,0.0,0.5,0.0,0.0,18.29,0.0,717.760009765625,672.6500244140625,414.2999877929688,82.13500213623047,51.595001220703125,46.12009811401367,59.345001220703125,84.8949966430664,31.40999984741211,100.61000061035156,64.0199966430664,320.62,21834.0,-0.1250166666666668,0.0,0.0,-0.296,,-0.004037871999025722,Neutral,False
2026-05-04 14:00:00,0.0,0.5,0.0,0.0,18.29,0.0,717.739990234375,672.8300170898438,415.2900085449219,82.15499877929688,51.56499862670898,46.31999969482422,59.23500061035156,84.95500183105469,31.354999542236328,100.65499877929688,64.08999633789062,320.62,21834.0,-0.1250166666666668,0.0,0.0,-0.296,,-0.004852753656744202,Neutral,False
2026-05-04 15:00:00,0.0,0.5,0.0,0.0,18.29,0.0,718.0700073242188,672.8800048828125,414.760009765625,82.16000366210938,51.59000015258789,46.38999938964844,59.41999816894531,84.97000122070312,31.32999992370605,100.70999908447266,64.08999633789062,320.62,21834.0,-0.015425,-0.07655,0.4404,0.6124,,-0.000514997934316308,Neutral,False
2026-05-05 09:00:00,0.0,0.5,0.0,0.0,17.38,0.0,723.2899780273438,681.1199951171875,420.9100036621094,82.19000244140625,51.595001220703125,46.44100189208984,59.31499862670898,85.2699966430664,31.209199905395508,101.5,65.3949966430664,320.62,21834.0,-0.015425,-0.07655,0.4404,0.6124,,0.008772633231999727,Neutral,False
2026-05-05 10:00:00,0.0,0.5,0.0,0.0,17.38,0.0,723.47998046875,681.3400268554688,420.4100036621094,82.19499969482422,51.64500045776367,46.54499816894531,59.40999984741211,85.30999755859375,31.170000076293945,101.8949966430664,65.43499755859375,320.62,21834.0,-0.015425,-0.07655,0.4404,0.6124,,0.006832978129458489,Neutral,False
2026-05-05 11:00:00,0.0,0.5,0.0,0.0,17.38,0.0,723.5800170898438,681.0250244140625,418.6400146484375,82.19999694824219,51.510101318359375,46.72499847412109,59.69499969482422,85.3550033569336,31.099899291992188,102.01000213623048,65.47000122070312,320.62,21834.0,-0.015425,-0.07655,0.4404,0.6124,,0.00810857005828347,Neutral,False
2026-05-05 12:00:00,0.0,0.5,0.0,0.0,17.38,0.0,723.85498046875,681.7449951171875,418.5201110839844,82.19499969482422,51.525001525878906,46.75199890136719,59.53499984741211,85.38500213623047,31.100000381469727,102.0199966430664,65.5250015258789,320.62,21834.0,-0.015425,-0.07655,0.4404,0.6124,,0.008519784765480543,Neutral,False
2026-05-05 13:00:00,0.0,0.5,0.0,0.0,17.38,0.0,724.4749755859375,682.5399780273438,418.8800048828125,82.18599700927734,51.56999969482422,46.80500030517578,59.71500015258789,85.4000015258789,31.1299991607666,102.125,65.61000061035156,320.62,21834.0,-0.015425,-0.07655,0.4404,0.6124,,0.00891969891011879,Neutral,False
2026-05-05 14:00:00,0.0,0.5,0.0,0.0,17.38,0.0,724.719970703125,682.2750244140625,418.3699951171875,82.18699645996094,51.72499847412109,46.69499969482422,59.73500061035156,85.45500183105469,31.15489959716797,102.08499908447266,65.41999816894531,320.62,21834.0,-0.015425,-0.07655,0.4404,0.6124,,0.0019770669015508613,Neutral,False
2026-05-05 15:00:00,0.0,0.5,0.0,0.0,17.38,0.0,723.739990234375,681.510009765625,418.0700073242188,82.18000030517578,51.584999084472656,46.38990020751953,59.45000076293945,85.43000030517578,31.190000534057617,102.04000091552734,65.40499877929688,320.62,21834.0,-0.0687416666666668,0.3612,0.08895,0.0,,0.00035938764394916056,Neutral,False
2026-05-06 09:00:00,0.0,0.49,0.0,0.0,17.39,0.0,730.02001953125,688.4199829101562,432.05999755859375,82.28500366210938,52.095001220703125,45.90999984741211,57.22499847412109,85.96029663085938,30.25,104.44499969482422,66.7699966430664,320.62,21834.0,-0.0687416666666668,0.3612,0.08895,0.0,,0.008900193882229068,Neutral,False
2026-05-06 10:00:00,0.0,0.49,0.0,0.0,17.39,0.0,732.0599975585938,692.2899780273438,431.0864868164063,82.30500030517578,51.97999954223633,45.81999969482422,57.040000915527344,86.11499786376953,30.229999542236328,104.69000244140624,67.29499816894531,320.62,21834.0,-0.0687416666666668,0.3612,0.08895,0.0,,0.011335167003382995,Neutral,False
2026-05-06 11:00:00,0.0,0.49,0.0,0.0,17.39,0.0,731.77001953125,692.1900024414062,430.4200134277344,82.29640197753906,51.900001525878906,45.9286003112793,57.03499984741211,86.08000183105469,30.21999931335449,104.51499938964844,67.27999877929688,320.62,21834.0,-0.0687416666666668,0.3612,0.08895,0.0,,0.01006942156892654,Neutral,False
2026-05-06 12:00:00,0.0,0.49,0.0,0.0,17.39,0.0,731.6799926757812,692.4199829101562,429.9400024414063,82.29010009765625,51.845001220703125,45.71500015258789,56.935001373291016,86.12999725341797,30.239999771118164,104.58499908447266,67.25,320.62,21834.0,-0.0687416666666668,0.3612,0.08895,0.0,,0.009603739725708937,Neutral,False
2026-05-06 13:00:00,0.0,0.49,0.0,0.0,17.39,0.0,733.0449829101562,693.6400146484375,430.4800109863281,82.29000091552734,51.90499877929688,45.84000015258789,56.90999984741211,86.02999877929688,30.190000534057617,104.63500213623048,67.36499786376953,320.62,21834.0,-0.0687416666666668,0.3612,0.08895,0.0,,0.012856817090856065,Neutral,False
2026-05-06 14:00:00,0.0,0.49,0.0,0.0,17.39,0.0,733.8599853515625,695.0501098632812,431.385009765625,82.30500030517578,51.8849983215332,45.76499938964844,56.834999084472656,86.09500122070312,30.18000030517578,104.81500244140624,67.54000091552734,320.62,21834.0,-0.0687416666666668,0.3612,0.08895,0.0,,0.005260082898518537,Neutral,False
2026-05-06 15:00:00,0.0,0.49,0.0,0.0,17.39,0.0,733.77001953125,695.5900268554688,430.8299865722656,82.30000305175781,51.81999969482422,45.70000076293945,56.97999954223633,86.08000183105469,30.200000762939453,104.8000030517578,67.4800033569336,320.62,21834.0,0.0975166666666664,-0.25,0.6249,0.0,,0.002335904131299582,Neutral,False
2026-05-07 09:00:00,0.0,0.49,0.0,0.0,17.08,0.0,734.5499877929688,699.52001953125,436.7000122070313,82.33499908447266,51.47499847412109,45.3849983215332,55.20500183105469,86.125,29.649999618530277,104.125,67.3499984741211,320.62,21834.0,0.0975166666666664,-0.25,0.6249,0.0,,0.003798964411659611,Neutral,False
2026-05-07 10:00:00,0.0,0.49,0.0,0.0,17.08,0.0,734.9088134765625,699.0499877929688,435.1199951171875,82.28500366210938,51.755001068115234,45.32500076293945,55.58000183105469,85.96990203857422,29.86000061035156,103.94000244140624,67.20999908447266,320.62,21834.0,0.0975166666666664,-0.25,0.6249,0.0,,0.004412886553004425,Neutral,False
2026-05-07 11:00:00,0.0,0.49,0.0,0.0,17.08,0.0,733.364990234375,696.3150024414062,433.3049926757813,82.27100372314453,51.78499984741211,45.27000045776367,55.64500045776367,85.8499984741211,30.049999237060547,103.6050033569336,66.97000122070312,320.62,21834.0,0.0975166666666664,-0.25,0.6249,0.0,,0.0004365452757733035,Neutral,False
2026-05-07 12:00:00,0.0,0.49,0.0,0.0,17.08,0.0,730.625,693.0750122070312,431.3330078125,82.23999786376953,51.505001068115234,45.165000915527344,56.02000045776367,85.68000030517578,30.239999771118164,103.01000213623048,66.55999755859375,320.62,21834.0,0.0975166666666664,-0.25,0.6249,0.0,,-0.004408177876073616,Neutral,False
2026-05-07 13:00:00,0.0,0.49,0.0,0.0,17.08,0.0,731.2899780273438,694.2000122070312,432.6499938964844,82.24500274658203,51.55500030517578,45.13999938964844,55.91999816894531,85.7300033569336,30.07999992370605,103.16500091552734,66.76000213623047,320.62,21834.0,0.0975166666666664,-0.25,0.6249,0.0,,-0.003379862133765732,Neutral,False
2026-05-07 14:00:00,0.0,0.49,0.0,0.0,17.08,0.0,730.5,693.1500244140625,431.9100036621094,82.23500061035156,51.55500030517578,45.040000915527344,56.0099983215332,85.625,30.32999992370605,103.0199966430664,66.69999694824219,320.62,21834.0,0.0975166666666664,-0.25,0.6249,0.0,,-0.00551356321594576,Neutral,False
2026-05-07 15:00:00,0.0,0.49,0.0,0.0,17.08,0.0,731.5599975585938,694.9199829101562,431.7000122070313,82.23500061035156,51.54499816894531,45.11000061035156,55.959999084472656,85.6449966430664,30.25,102.87000274658205,66.58499908447266,320.62,21834.0,-0.0104083333333334,-0.6249,0.0,0.0,,-0.004556777462127348,Neutral,False
2026-05-08 09:00:00,0.0,0.48,0.0,0.0,17.19,0.0,736.7999877929688,705.469970703125,433.25,82.31500244140625,51.459999084472656,45.130001068115234,56.185001373291016,86.20999908447266,30.325000762939453,103.5999984741211,67.47000122070312,320.62,21834.0,-0.0104083333333334,-0.6249,0.0,0.0,,0.004683885383587771,Neutral,False
2026-05-08 10:00:00,0.0,0.48,0.0,0.0,17.19,0.0,736.9099731445312,707.1901245117188,432.7000122070313,82.30000305175781,51.31499862670898,44.98500061035156,56.0099983215332,86.12000274658203,30.3700008392334,103.55500030517578,67.69989776611328,320.62,21834.0,-0.0104083333333334,-0.6249,0.0,0.0,,0.008602187366338665,Neutral,False
2026-05-08 11:00:00,0.0,0.48,0.0,0.0,17.19,0.0,737.5499877929688,708.614990234375,433.2200012207031,82.30010223388672,51.334999084472656,44.95000076293945,55.98500061035156,86.08999633789062,30.350000381469727,103.6999969482422,67.83999633789062,320.62,21834.0,-0.0104083333333334,-0.6249,0.0,0.0,,0.008560229120753604,Neutral,False
2026-05-08 12:00:00,0.0,0.48,0.0,0.0,17.19,0.0,737.6900024414062,710.2000122070312,433.489990234375,82.29450225830078,51.29499816894531,44.90999984741211,55.81499862670898,86.09329986572266,30.309999465942383,103.8000030517578,67.84500122070312,320.62,21834.0,-0.0104083333333334,-0.6249,0.0,0.0,,0.009842576921842872,Neutral,False
2026-05-08 13:00:00,0.0,0.48,0.0,0.0,17.19,0.0,737.72998046875,709.7476196289062,434.0,82.30000305175781,51.3849983215332,44.880001068115234,55.89500045776367,86.08499908447266,30.3700008392334,103.87999725341795,67.86579895019531,320.62,21834.0,-0.0104083333333334,-0.6249,0.0,0.0,,0.008434008052308872,Neutral,False
2026-05-08 14:00:00,0.0,0.48,0.0,0.0,17.19,0.0,736.6400146484375,709.125,433.7699890136719,82.29979705810547,51.26499938964844,44.81499862670898,55.79999923706055,86.0250015258789,30.354999542236328,103.8499984741211,67.84500122070312,320.62,21834.0,-0.0104083333333334,-0.6249,0.0,0.0,,-0.00021711882082198208,Neutral,False
2026-05-08 15:00:00,0.0,0.48,0.0,0.0,17.19,0.0,737.530029296875,711.1099853515625,433.80999755859375,82.29499816894531,51.25,44.720001220703125,55.68999862670898,86.05999755859375,30.309999465942383,103.98999786376952,67.94000244140625,320.62,21834.0,-0.0045583333333334,-0.2177,0.0,-0.4019,,0.0008414272773347165,Neutral,False
2026-05-11 09:00:00,0.0,0.47,0.0,0.0,18.38,0.0,738.4674072265625,709.8300170898438,433.7699890136719,82.26499938964844,51.45500183105469,45.1150016784668,56.53499984741211,85.7699966430664,30.82999992370605,103.8499984741211,67.73999786376953,320.62,21834.0,-0.0045583333333334,-0.2177,0.0,-0.4019,,0.0012438742441567285,Neutral,False
2026-05-11 10:00:00,0.0,0.47,0.0,0.0,18.38,0.0,740.0706787109375,713.27001953125,434.55999755859375,82.26499938964844,51.150001525878906,45.035099029541016,56.775001525878906,85.76499938964844,30.95499992370605,103.94499969482422,68.04499816894531,320.62,21834.0,-0.0045583333333334,-0.2177,0.0,-0.4019,,0.003227204193702482,Neutral,False
2026-05-11 11:00:00,0.0,0.47,0.0,0.0,18.38,0.0,740.3350219726562,714.1900024414062,433.7200012207031,82.26010131835938,51.15999984741211,45.040000915527344,56.875,85.71929931640625,31.084999084472656,103.8000030517578,67.99500274658203,320.62,21834.0,-0.0045583333333334,-0.2177,0.0,-0.4019,,0.0035311585171731164,Neutral,False
2026-05-11 12:00:00,0.0,0.47,0.0,0.0,18.38,0.0,739.8099975585938,713.5499877929688,433.2000122070313,82.24500274658203,51.2400016784668,45.165000915527344,57.01499938964844,85.61990356445312,31.0403995513916,103.72000122070312,67.95500183105469,320.62,21834.0,-0.0045583333333334,-0.2177,0.0,-0.4019,,0.004303299911923908,Neutral,False
2026-05-11 13:00:00,0.0,0.47,0.0,0.0,18.38,0.0,740.3400268554688,714.3690795898438,434.0650024414063,82.24500274658203,51.2599983215332,45.18000030517578,57.1349983215332,85.66000366210938,31.03499984741211,103.7895965576172,68.03500366210938,320.62,21834.0,-0.0045583333333334,-0.2177,0.0,-0.4019,,0.0038100110462928605,Neutral,False
2026-05-11 14:00:00,0.0,0.47,0.0,0.0,18.38,0.0,738.489990234375,712.1630859375,433.7950134277344,82.22010040283203,51.18999862670898,45.17499923706055,57.125,85.54000091552734,31.045000076293945,103.625,67.86990356445312,320.62,21834.0,-0.0045583333333334,-0.2177,0.0,-0.4019,,3.058091337759805e-05,Neutral,False
2026-05-11 15:00:00,0.0,0.47,0.0,0.0,18.38,0.0,739.2000122070312,713.3499755859375,434.6799926757813,82.2249984741211,51.18000030517578,45.15999984741211,57.18000030517578,85.55000305175781,31.06999969482422,103.7699966430664,67.91000366210938,320.62,21834.0,-0.0045583333333334,-0.2177,0.0,-0.4019,,-0.0011764639904702223,Neutral,False
2026-05-12 09:00:00,0.0,0.46,0.0,0.0,17.99,0.0,734.9199829101562,705.0401000976562,430.0199890136719,82.16349792480469,51.1349983215332,45.01499938964844,57.3650016784668,85.05999755859375,31.4950008392334,102.8000030517578,65.9000015258789,320.62,21834.0,-0.0045583333333334,-0.2177,0.0,-0.4019,,-0.007314308930126523,Neutral,False
2026-05-12 10:00:00,0.0,0.46,0.0,0.0,17.99,0.0,732.3200073242188,699.93359375,427.4299926757813,82.16130065917969,51.275001525878906,45.04499816894531,57.40999984741211,85.0989990234375,31.46999931335449,102.48999786376952,65.19999694824219,320.62,21834.0,-0.0045583333333334,-0.2177,0.0,-0.4019,,-0.010124207917022399,Neutral,False
2026-05-12 11:00:00,0.0,0.46,0.0,0.0,17.99,0.0,732.739990234375,699.0549926757812,428.6000061035156,82.16059875488281,51.43999862670898,45.09000015258789,57.625,85.08999633789062,31.509899139404297,102.58999633789062,65.19499969482422,320.62,21834.0,-0.0045583333333334,-0.2177,0.0,-0.4019,,-0.01026560275739008,Neutral,False
2026-05-12 12:00:00,0.0,0.46,0.0,0.0,17.99,0.0,734.3499755859375,700.2349853515625,429.6300048828125,82.16590118408203,51.6150016784668,45.130001068115234,57.744998931884766,85.03800201416016,31.520000457763672,102.77989959716795,65.36499786376953,320.62,21834.0,-0.0045583333333334,-0.2177,0.0,-0.4019,,-0.005606053843903225,Neutral,False
2026-05-12 13:00:00,0.0,0.46,0.0,0.0,17.99,0.0,736.1849975585938,702.75,430.25,82.16500091552734,51.63999938964844,45.26499938964844,57.709999084472656,84.99500274658203,31.6299991607666,103.01000213623048,65.6500015258789,320.62,21834.0,-0.0045583333333334,-0.2177,0.0,-0.4019,,-0.0040787535154870325,Neutral,False
2026-05-12 14:00:00,0.0,0.46,0.0,0.0,17.99,0.0,737.0800170898438,704.0791015625,431.9100036621094,82.16999816894531,51.6150016784668,45.31999969482422,57.70500183105469,84.93499755859375,31.645000457763672,103.09500122070312,65.73500061035156,320.62,21834.0,-0.0045583333333334,-0.2177,0.0,-0.4019,,0.0029391419881306113,Neutral,False
2026-05-12 15:00:00,0.0,0.46,0.0,0.0,17.99,0.0,738.2000122070312,707.2000122070312,432.9800109863281,82.16500091552734,51.56999969482422,45.220001220703125,57.56999969482422,84.9800033569336,31.68000030517578,103.13999938964844,65.83000183105469,320.62,21834.0,-0.0045583333333334,-0.2177,0.0,-0.4019,,0.008029283406167043,Neutral,False
2026-05-13 09:00:00,0.0,0.48,0.0,0.0,17.87,0.0,738.3049926757812,708.7899780273438,430.0899963378906,82.16999816894531,51.25,44.435001373291016,57.38999938964844,84.75499725341797,31.700000762939453,103.33499908447266,67.06999969482422,320.62,21834.0,-0.0045583333333334,-0.2177,0.0,-0.4019,,0.00759478466519381,Neutral,False
2026-05-13 10:00:00,0.0,0.48,0.0,0.0,17.87,0.0,739.2899780273438,710.5700073242188,430.7850036621094,82.15499877929688,51.0099983215332,44.505001068115234,57.03499984741211,84.6792984008789,31.57999992370605,103.37000274658205,67.13999938964844,320.62,21834.0,-0.0045583333333334,-0.2177,0.0,-0.4019,,0.006727041064398032,Neutral,False
2026-05-13 11:00:00,0.0,0.48,0.0,0.0,17.87,0.0,741.7249755859375,713.60009765625,432.18499755859375,82.18009948730469,51.05500030517578,44.58000183105469,57.09000015258789,84.82499694824219,31.420000076293945,103.7300033569336,67.31999969482422,320.62,21834.0,-0.0045583333333334,-0.2177,0.0,-0.4019,,0.007525252546188632,Neutral,False
2026-05-13 12:00:00,0.0,0.48,0.0,0.0,17.87,0.0,742.6199951171875,714.8049926757812,431.4299926757813,82.19000244140625,51.040000915527344,44.75,57.500099182128906,84.80899810791016,31.479999542236328,103.75,67.41000366210938,320.62,21834.0,-0.0045583333333334,-0.2177,0.0,-0.4019,,0.007516114802863294,Neutral,False
2026-05-13 13:00:00,0.0,0.48,0.0,0.0,17.87,0.0,743.530029296875,716.280029296875,430.80999755859375,82.17900085449219,51.040000915527344,44.63999938964844,57.40499877929688,84.74500274658203,31.350000381469727,103.73999786376952,67.29000091552734,320.62,21834.0,-0.0045583333333334,-0.2177,0.0,-0.4019,,0.007220288542001407,Neutral,False
2026-05-13 14:00:00,0.0,0.48,0.0,0.0,17.87,0.0,743.489990234375,715.6799926757812,430.385009765625,82.19249725341797,51.09030151367188,44.75,57.57500076293945,84.80999755859375,31.34199905395508,103.80979919433594,67.26000213623047,320.62,21834.0,-0.0045583333333334,-0.2177,0.0,-0.4019,,0.007022839625941302,Neutral,False
2026-05-13 15:00:00,0.0,0.48,0.0,0.0,17.87,0.0,742.3049926757812,714.47998046875,430.4700012207031,82.19999694824219,51.005001068115234,44.65999984741211,57.63999938964844,84.80000305175781,31.3700008392334,103.8499984741211,67.22000122070312,320.62,21834.0,-0.0045583333333334,-0.2177,0.0,-0.4019,,0.0040782571630180176,Neutral,False
2026-05-14 09:00:00,0.0,0.47,0.0,0.0,17.26,0.0,745.9600219726562,718.1900024414062,430.6099853515625,82.18499755859375,51.32500076293945,44.7400016784668,57.834999084472656,85.18699645996094,31.149999618530277,103.80999755859376,67.31999969482422,320.62,21834.0,-0.0045583333333334,-0.2177,0.0,-0.4019,,0.00570972601181885,Neutral,False
2026-05-14 10:00:00,0.0,0.47,0.0,0.0,17.26,0.0,748.510498046875,721.375,430.2000122070313,82.19499969482422,51.39500045776367,44.64500045776367,57.720001220703125,85.2750015258789,31.020000457763672,103.8000030517578,67.44499969482422,320.62,21834.0,-0.0045583333333334,-0.2177,0.0,-0.4019,,0.00793205538285835,Neutral,False
2026-05-14 11:00:00,0.0,0.47,0.0,0.0,17.26,0.0,748.0,720.6799926757812,429.3299865722656,82.19499969482422,51.3650016784668,44.69020080566406,57.935001373291016,85.2750015258789,31.0,103.73500061035156,67.33999633789062,320.62,21834.0,-0.0045583333333334,-0.2177,0.0,-0.4019,,0.0060118226930956364,Neutral,False
2026-05-14 12:00:00,0.0,0.47,0.0,0.0,17.26,0.0,746.9099731445312,718.7899780273438,429.3999938964844,82.19010162353516,51.244998931884766,44.665000915527344,58.02000045776367,85.21240234375,31.059999465942383,103.53500366210938,67.33499908447266,320.62,21834.0,-0.0045583333333334,-0.2177,0.0,-0.4019,,0.004599904444010372,Neutral,False
2026-05-14 13:00:00,0.0,0.47,0.0,0.0,17.26,0.0,747.5599975585938,719.4299926757812,428.9410095214844,82.18990325927734,51.310001373291016,44.75,58.095001220703125,85.18920135498047,31.07999992370605,103.56500244140624,67.36499786376953,320.62,21834.0,-0.0045583333333334,-0.2177,0.0,-0.4019,,0.007079306935374063,Neutral,False
2026-05-14 14:00:00,0.0,0.47,0.0,0.0,17.26,0.0,748.0850219726562,720.02001953125,428.05999755859375,82.17500305175781,51.31499862670898,44.76499938964844,58.04999923706055,85.04499816894531,31.114999771118164,103.55500030517578,67.3949966430664,320.62,21834.0,-0.0045583333333334,-0.2177,0.0,-0.4019,,0.0028486781293997065,Neutral,False
2026-05-14 15:00:00,0.0,0.47,0.0,0.0,17.26,0.0,748.0800170898438,719.7150268554688,427.2200012207031,82.1500015258789,51.28499984741211,44.90499877929688,58.09000015258789,84.93000030517578,31.15999984741211,103.4800033569336,67.3949966430664,320.62,21834.0,-0.0045583333333334,-0.2177,0.0,-0.4019,,-0.0005751167928232936,Neutral,False
2026-05-15 09:00:00,0.0,0.5,0.0,0.0,18.43,0.0,741.1300048828125,710.4349975585938,418.260009765625,82.0999984741211,51.38999938964844,44.345001220703125,58.77000045776367,83.88500213623047,31.07010078430176,101.94000244140624,65.23500061035156,320.62,21834.0,-0.0045583333333334,-0.2177,0.0,-0.4019,,-0.009184485450785429,Neutral,False
2026-05-15 10:00:00,0.0,0.5,0.0,0.0,18.43,0.0,741.219970703125,711.4201049804688,417.489990234375,82.08000183105469,51.15999984741211,44.15999984741211,58.92499923706055,83.81500244140625,31.100000381469727,101.80999755859376,65.30000305175781,320.62,21834.0,-0.0045583333333334,-0.2177,0.0,-0.4019,,-0.007618056587798683,Neutral,False
2026-05-15 11:00:00,0.0,0.5,0.0,0.0,18.43,0.0,741.3099975585938,711.3900146484375,416.7999877929688,82.07499694824219,51.185001373291016,44.084999084472656,59.01499938964844,83.78900146484375,31.13999938964844,101.8000030517578,65.16999816894531,320.62,21834.0,-0.0045583333333334,-0.2177,0.0,-0.4019,,-0.008360532961115386,Neutral,False
2026-05-15 12:00:00,0.0,0.5,0.0,0.0,18.43,0.0,742.5228271484375,713.469970703125,418.4150085449219,82.0801010131836,51.220001220703125,43.915000915527344,59.09000015258789,83.74500274658203,31.165000915527344,101.95500183105467,65.3301010131836,320.62,21834.0,-0.0045583333333334,-0.2177,0.0,-0.4019,,-0.007435244204664793,Neutral,False
2026-05-15 13:00:00,0.0,0.5,0.0,0.0,18.43,0.0,741.7100219726562,712.6599731445312,418.5299987792969,82.08000183105469,51.130001068115234,44.0099983215332,59.185001373291016,83.66000366210938,31.200000762939453,101.8550033569336,65.26000213623047,320.62,21834.0,-0.0045583333333334,-0.2177,0.0,-0.4019,,-0.008515125349782604,Neutral,False
2026-05-15 14:00:00,0.0,0.5,0.0,0.0,18.43,0.0,740.1599731445312,710.4000244140625,417.7749938964844,82.07499694824219,51.15499877929688,43.97499847412109,59.31499862670898,83.65499877929688,31.17989921569824,101.74500274658205,65.13500213623047,320.62,21834.0,-0.0045583333333334,-0.2177,0.0,-0.4019,,-0.0013088550347312156,Neutral,False
2026-05-15 15:00:00,0.0,0.5,0.0,0.0,18.43,0.0,739.0800170898438,708.8800048828125,417.30999755859375,82.06999969482422,51.119998931884766,43.869998931884766,59.45500183105469,83.69000244140625,31.18000030517578,101.72000122070312,65.05000305175781,320.62,21834.0,0.1831583333333331,0.5106,0.0,0.5095,,-0.002887069558111466,Neutral,False
2026-05-18 09:00:00,0.0,0.54,0.0,0.0,17.82,0.0,739.5,707.1005859375,418.7699890136719,82.1050033569336,51.7599983215332,43.84000015258789,59.72499847412109,83.60030364990234,31.40999984741211,102.55500030517578,65.22000122070312,320.62,21834.0,0.1831583333333331,0.5106,0.0,0.5095,,-0.0024416203269276293,Neutral,False
2026-05-18 10:00:00,0.0,0.54,0.0,0.0,17.82,0.0,735.6199951171875,702.3400268554688,416.2850036621094,82.08000183105469,51.494998931884766,43.68999862670898,60.27000045776367,83.54499816894531,31.569900512695312,102.02999877929688,64.76499938964844,320.62,21834.0,0.1831583333333331,0.5106,0.0,0.5095,,-0.009296457669536462,Neutral,False
2026-05-18 11:00:00,0.0,0.54,0.0,0.0,17.82,0.0,734.8300170898438,700.4400024414062,416.510009765625,82.08999633789062,51.56499862670898,43.64500045776367,60.6349983215332,83.55999755859375,31.63999938964844,102.18499755859376,64.73999786376953,320.62,21834.0,0.1831583333333331,0.5106,0.0,0.5095,,-0.009275868842265833,Neutral,False
2026-05-18 12:00:00,0.0,0.54,0.0,0.0,17.82,0.0,737.3599853515625,703.60302734375,418.05999755859375,82.08000183105469,51.685001373291016,43.70500183105469,60.369998931884766,83.61000061035156,31.5398006439209,102.45500183105467,64.8499984741211,320.62,21834.0,0.1831583333333331,0.5106,0.0,0.5095,,-0.003782949490058418,Neutral,False
2026-05-18 13:00:00,0.0,0.54,0.0,0.0,17.82,0.0,734.7100219726562,700.760009765625,416.989990234375,82.06500244140625,51.53499984741211,43.73500061035156,60.51499938964844,83.39849853515625,31.70499992370605,101.97000122070312,64.51499938964844,320.62,21834.0,0.1831583333333331,0.5106,0.0,0.5095,,-0.005912749656518335,Neutral,False
2026-05-18 14:00:00,0.0,0.54,0.0,0.0,17.82,0.0,735.52001953125,701.4674072265625,417.8299865722656,82.08499908447266,51.685001373291016,43.584999084472656,60.35499954223633,83.55999755859375,31.440000534057617,102.2699966430664,64.69979858398438,320.62,21834.0,0.1831583333333331,0.5106,0.0,0.5095,,-0.005381988463488807,Neutral,False
2026-05-18 15:00:00,0.0,0.54,0.0,0.0,17.82,0.0,738.5599975585938,705.7000122070312,418.4400024414063,82.08999633789062,51.73500061035156,43.92499923706055,60.560001373291016,83.54499816894531,31.3799991607666,102.70999908447266,64.9800033569336,320.62,21834.0,0.1831583333333331,0.5106,0.0,0.5095,,0.003996632039532821,Neutral,False
2026-05-19 09:00:00,0.0,0.54,0.0,0.0,18.06,0.0,732.4199829101562,696.4299926757812,412.2000122070313,82.01000213623047,51.709999084472656,43.90999984741211,60.88999938964844,82.80999755859375,31.450000762939453,101.87000274658205,63.595001220703125,320.62,21834.0,0.1831583333333331,0.5106,0.0,0.5095,,-0.0032797165652431737,Neutral,False
2026-05-19 10:00:00,0.0,0.54,0.0,0.0,18.06,0.0,732.22998046875,697.9000244140625,413.0,82.0,51.494998931884766,44.09999847412109,60.58000183105469,82.97000122070312,31.51000022888184,101.9000015258789,63.91999816894531,320.62,21834.0,0.1831583333333331,0.5106,0.0,0.5095,,-0.006957259662478954,Neutral,False
2026-05-19 11:00:00,0.0,0.54,0.0,0.0,18.06,0.0,734.489990234375,701.2449951171875,413.87939453125,82.0250015258789,51.560001373291016,44.334999084472656,61.040000915527344,83.0999984741211,31.549999237060547,102.1999969482422,64.43000030517578,320.62,21834.0,0.1831583333333331,0.5106,0.0,0.5095,,-0.00029948106286947773,Neutral,False
2026-05-19 12:00:00,0.0,0.54,0.0,0.0,18.06,0.0,736.97998046875,705.4450073242188,413.7950134277344,82.04010009765625,51.494998931884766,44.35499954223633,61.084999084472656,83.11499786376953,31.61000061035156,102.41000366210938,64.74500274658203,320.62,21834.0,0.1831583333333331,0.5106,0.0,0.5095,,0.0019849370496134444,Neutral,False
2026-05-19 13:00:00,0.0,0.54,0.0,0.0,18.06,0.0,735.8800048828125,704.010009765625,412.7099914550781,82.04000091552734,51.41999816894531,44.20500183105469,61.30500030517578,82.97000122070312,31.649999618530277,102.18160247802734,64.53500366210938,320.62,21834.0,0.1831583333333331,0.5106,0.0,0.5095,,-0.003628672937392108,Neutral,False
2026-05-19 14:00:00,0.0,0.54,0.0,0.0,18.06,0.0,734.77001953125,702.8699951171875,411.8999938964844,82.0250015258789,51.244998931884766,44.26499938964844,61.3650016784668,83.01000213623047,31.63500022888184,102.08999633789062,64.4000015258789,320.62,21834.0,0.1831583333333331,0.5106,0.0,0.5095,,0.0032085916221951116,Neutral,False
2026-05-19 15:00:00,0.0,0.54,0.0,0.0,18.06,0.0,733.7899780273438,701.530029296875,411.5199890136719,82.04000091552734,51.11000061035156,44.35499954223633,61.27000045776367,83.0,31.61000061035156,101.94000244140624,64.28500366210938,320.62,21834.0,0.1831583333333331,0.5106,0.0,0.5095,,0.002130474851077757,Neutral,False
2026-05-20 09:00:00,0.0,0.53,0.0,0.0,17.44,0.0,737.8900146484375,708.6099853515625,413.7099914550781,82.09989929199219,51.35499954223633,44.75,60.8650016784668,83.31999969482422,31.1200008392334,102.93000030517578,65.05500030517578,320.62,21834.0,0.1831583333333331,0.5106,0.0,0.5095,,0.004629095643601033,Neutral,False
2026-05-20 10:00:00,0.0,0.53,0.0,0.0,17.44,0.0,739.2949829101562,710.6300048828125,415.7900085449219,82.14070129394531,51.46500015258789,44.4900016784668,60.244998931884766,83.8499984741211,31.030000686645508,103.3550033569336,65.2300033569336,320.62,21834.0,0.1831583333333331,0.5106,0.0,0.5095,,0.0031412012575073867,Neutral,False
2026-05-20 11:00:00,0.0,0.53,0.0,0.0,17.44,0.0,738.9299926757812,709.27001953125,415.5,82.12000274658203,51.54999923706055,44.59000015258789,60.27999877929688,83.80500030517578,30.979999542236328,103.3000030517578,65.20999908447266,320.62,21834.0,0.1831583333333331,0.5106,0.0,0.5095,,0.004144680889181629,Neutral,False
2026-05-20 12:00:00,0.0,0.53,0.0,0.0,17.44,0.0,740.155029296875,710.6799926757812,416.0700073242188,82.14009857177734,51.60499954223633,44.59000015258789,60.20000076293945,83.83000183105469,30.729999542236328,103.4800033569336,65.32499694824219,320.62,21834.0,0.1831583333333331,0.5106,0.0,0.5095,,0.007328837081649553,Neutral,False
2026-05-20 13:00:00,0.0,0.53,0.0,0.0,17.44,0.0,740.0800170898438,710.9500122070312,416.3500061035156,82.15989685058594,51.595001220703125,44.560001373291016,59.95500183105469,83.83999633789062,30.83009910583496,103.54499816894533,65.375,320.62,21834.0,0.1831583333333331,0.5106,0.0,0.5095,,0.008571988240299477,Neutral,False
2026-05-20 14:00:00,0.0,0.53,0.0,0.0,17.44,0.0,740.8200073242188,711.8099975585938,417.2999877929688,82.15499877929688,51.65499877929688,44.6349983215332,60.08000183105469,83.88500213623047,30.864999771118164,103.6500015258789,65.41999816894531,320.62,21834.0,0.1831583333333331,0.5106,0.0,0.5095,,0.003970771548083896,Neutral,False
2026-05-20 15:00:00,0.0,0.53,0.0,0.0,17.44,0.0,741.25,713.0700073242188,417.3800048828125,82.1500015258789,51.64500045776367,44.52999877929688,59.790000915527344,83.9000015258789,30.8799991607666,103.62999725341795,65.47000122070312,320.62,21834.0,0.1831583333333331,0.5106,0.0,0.5095,,0.002644434407153673,Neutral,False
2026-05-21 09:00:00,0.0,0.49,0.0,0.0,16.76,0.0,738.5050048828125,708.2650146484375,413.6300048828125,82.07499694824219,51.72499847412109,44.875,59.90999984741211,83.58999633789062,31.065000534057617,103.2300033569336,65.34500122070312,320.62,21834.0,0.1831583333333331,0.5106,0.0,0.5095,,-0.0005751394545913113,Neutral,False
2026-05-21 10:00:00,0.0,0.49,0.0,0.0,16.76,0.0,738.7999877929688,709.3599853515625,413.2900085449219,82.06610107421875,51.4900016784668,44.8849983215332,59.78499984741211,83.56500244140625,31.21999931335449,103.2750015258789,65.30999755859375,320.62,21834.0,0.1831583333333331,0.5106,0.0,0.5095,,-0.0018307536262957003,Neutral,False
2026-05-21 11:00:00,0.0,0.49,0.0,0.0,16.76,0.0,738.7999877929688,709.7100219726562,414.510009765625,82.08000183105469,51.415000915527344,44.90499877929688,59.70500183105469,83.7699966430664,31.03499984741211,103.37000274658205,65.43000030517578,320.62,21834.0,0.1831583333333331,0.5106,0.0,0.5095,,-0.0017295822982876796,Neutral,False
2026-05-21 12:00:00,0.0,0.49,0.0,0.0,16.76,0.0,742.1500244140625,713.6699829101562,416.7999877929688,82.13990020751953,51.63999938964844,44.93000030517578,59.119998931884766,84.0250015258789,30.739999771118164,104.11499786376952,65.9800033569336,320.62,21834.0,0.1831583333333331,0.5106,0.0,0.5095,,0.0017953309531253403,Neutral,False
2026-05-21 13:00:00,0.0,0.49,0.0,0.0,16.76,0.0,743.3400268554688,714.8250122070312,417.4100036621094,82.13999938964844,51.79999923706055,44.834999084472656,58.78499984741211,84.16500091552734,30.520000457763672,104.41999816894533,66.18499755859375,320.62,21834.0,0.1831583333333331,0.5106,0.0,0.5095,,0.0028195977814080564,Neutral,False
2026-05-21 14:00:00,0.0,0.49,0.0,0.0,16.76,0.0,742.6799926757812,714.0449829101562,416.6199951171875,82.11229705810547,51.685001373291016,44.91999816894531,59.275001525878906,84.11000061035156,30.67009925842285,104.20999908447266,66.04229736328125,320.62,21834.0,0.1831583333333331,0.5106,0.0,0.5095,,0.00565329654554092,Neutral,False
2026-05-21 15:00:00,0.0,0.49,0.0,0.0,16.76,0.0,742.75,714.4400024414062,416.9700012207031,82.13500213623047,51.7400016784668,44.98500061035156,59.13999938964844,84.2300033569336,30.700000762939453,104.18000030517578,66.02999877929688,320.62,21834.0,0.1831583333333331,0.5106,0.0,0.5095,,0.005346524461689928,Neutral,False
2026-05-22 09:00:00,0.0,0.43,0.0,0.0,16.7,0.0,745.6900024414062,717.719970703125,412.9200134277344,82.09989929199219,51.959999084472656,45.09999847412109,59.32640075683594,84.25,30.69890022277832,103.95500183105467,65.87000274658203,320.62,21834.0,0.1831583333333331,0.5106,0.0,0.5095,,0.009325953928369879,Neutral,False
2026-05-22 10:00:00,0.0,0.43,0.0,0.0,16.7,0.0,747.8800048828125,721.1400146484375,414.8599853515625,82.07550048828125,51.98500061035156,45.125,59.18000030517578,84.27999877929688,30.68000030517578,104.1750030517578,66.13500213623047,320.62,21834.0,0.1831583333333331,0.5106,0.0,0.5095,,0.007720784585669049,Neutral,False
2026-05-22 11:00:00,0.0,0.43,0.0,0.0,16.7,0.0,747.3800048828125,720.1600952148438,415.2800903320313,82.07990264892578,52.005001068115234,45.35499954223633,59.20500183105469,84.375,30.584999084472656,104.16500091552734,66.12999725341797,320.62,21834.0,0.1831583333333331,0.5106,0.0,0.5095,,0.005434899079004296,Neutral,False
2026-05-22 12:00:00,0.0,0.43,0.0,0.0,16.7,0.0,748.7349853515625,721.8400268554688,415.4800109863281,82.09989929199219,52.130001068115234,45.30500030517578,59.025001525878906,84.51499938964844,30.350000381469727,104.41000366210938,66.3499984741211,320.62,21834.0,0.1831583333333331,0.5106,0.0,0.5095,,0.008152895911421876,Neutral,False
2026-05-22 13:00:00,0.0,0.43,0.0,0.0,16.7,0.0,747.3099975585938,720.0900268554688,414.4599914550781,82.08439636230469,52.01499938964844,45.32500076293945,59.380001068115234,84.53500366210938,30.57999992370605,104.20999908447266,66.17500305175781,320.62,21834.0,0.1831583333333331,0.5106,0.0,0.5095,,0.006139343734222535,Neutral,False
2026-05-22 14:00:00,0.0,0.43,0.0,0.0,16.7,0.0,745.5800170898438,717.3853759765625,413.7349853515625,82.09989929199219,51.95009994506836,45.34000015258789,59.56499862670898,84.4800033569336,30.57999992370605,103.98999786376952,65.95999908447266,320.62,21834.0,0.1831583333333331,0.5106,0.0,0.5095,,-0.00014749473803110646,Neutral,False
2026-05-22 15:00:00,0.0,0.43,0.0,0.0,16.7,0.0,745.5900268554688,717.4299926757812,413.8500061035156,82.1050033569336,51.93000030517578,45.35499954223633,59.459999084472656,84.67500305175781,30.540000915527344,103.9800033569336,65.875,320.62,21834.0,0.1831583333333331,0.5106,0.0,0.5095,,-0.003061959154400107,Neutral,False
2026-05-26 09:00:00,0.0,0.49,0.0,0.0,17.01,0.0,751.5399780273438,729.9201049804688,414.7699890136719,82.17990112304688,51.84000015258789,45.42499923706055,58.65499877929688,85.20999908447266,30.190000534057617,105.16500091552734,68.24500274658203,320.62,21834.0,0.1831583333333331,0.5106,0.0,0.5095,,0.005566074978395452,Neutral,False
2026-05-26 10:00:00,0.0,0.49,0.0,0.0,17.01,0.0,749.8499755859375,728.3099975585938,413.7000122070313,82.16500091552734,51.8650016784668,45.380001068115234,58.790000915527344,85.08499908447266,30.239999771118164,104.9000015258789,68.0250015258789,320.62,21834.0,0.1831583333333331,0.5106,0.0,0.5095,,0.0014891654005608768,Neutral,False
2026-05-26 11:00:00,0.0,0.49,0.0,0.0,17.01,0.0,749.739990234375,728.1201171875,413.8349914550781,82.18000030517578,51.88999938964844,45.525001525878906,58.54499816894531,84.98500061035156,30.170000076293945,105.01499938964844,68.1050033569336,320.62,21834.0,0.1831583333333331,0.5106,0.0,0.5095,,0.0032516528398118805,Neutral,False
2026-05-26 12:00:00,0.0,0.49,0.0,0.0,17.01,0.0,748.6500244140625,727.5999145507812,413.239990234375,82.17500305175781,51.77000045776367,45.51499938964844,58.29999923706055,84.94499969482422,30.11000061035156,104.86000061035156,68.09500122070312,320.62,21834.0,0.1831583333333331,0.5106,0.0,0.5095,,0.004117609450158932,Neutral,False
2026-05-26 13:00:00,0.0,0.49,0.0,0.0,17.01,0.0,749.655029296875,729.4392700195312,412.7000122070313,82.19989776611328,51.79499816894531,45.505001068115234,58.14500045776367,85.04499816894531,30.045000076293945,104.91500091552734,68.23930358886719,320.62,21834.0,0.1831583333333331,0.5106,0.0,0.5095,,0.0054520611797215235,Neutral,False
2026-05-26 14:00:00,0.0,0.49,0.0,0.0,17.01,0.0,749.510009765625,729.5800170898438,413.3349914550781,82.19999694824219,51.78499984741211,45.48500061035156,58.060001373291016,85.03500366210938,30.075000762939453,105.04499816894533,68.3550033569336,320.62,21834.0,0.1831583333333331,0.5106,0.0,0.5095,,-0.0027010782141584366,Neutral,False
2026-05-26 15:00:00,0.0,0.49,0.0,0.0,17.01,0.0,750.469970703125,730.2150268554688,413.9549865722656,82.20500183105469,51.869998931884766,45.35499954223633,57.86000061035156,85.08000183105469,30.030000686645508,105.13500213623048,68.43000030517578,320.62,21834.0,0.1831583333333331,0.5106,0.0,0.5095,,0.0008268255482746234,Neutral,False
2026-05-27 09:00:00,0.0,0.48,0.0,0.0,16.29,0.0,750.0449829101562,726.35498046875,408.05999755859375,82.2300033569336,51.91999816894531,45.125,56.720001220703125,85.38500213623047,29.479999542236328,104.81500244140624,68.30999755859375,320.62,21834.0,0.1831583333333331,0.5106,0.0,0.5095,,0.000406797929620728,Neutral,False
2026-05-27 10:00:00,0.0,0.48,0.0,0.0,16.29,0.0,749.5250244140625,727.1799926757812,407.1549987792969,82.23979949951172,51.400001525878906,45.13999938964844,57.13520050048828,85.37000274658203,29.63999938964844,104.87000274658205,68.25,320.62,21834.0,0.1831583333333331,0.5106,0.0,0.5095,,0.0011687704153684475,Neutral,False
2026-05-27 11:00:00,0.0,0.48,0.0,0.0,16.29,0.0,749.6701049804688,728.1900024414062,408.2000122070313,82.2300033569336,51.42499923706055,45.14500045776367,57.30500030517578,85.27400207519531,29.55500030517578,104.7300033569336,68.29000091552734,320.62,21834.0,0.1831583333333331,0.5106,0.0,0.5095,,2.0110161347064448e-05,Neutral,False
2026-05-27 12:00:00,0.0,0.48,0.0,0.0,16.29,0.0,749.1599731445312,727.2999877929688,408.5199890136719,82.2300033569336,51.40499877929688,45.1150016784668,57.380001068115234,85.18499755859375,29.53009986877441,104.625,68.18499755859375,320.62,21834.0,0.1831583333333331,0.5106,0.0,0.5095,,-0.00046702060884173946,Neutral,False
2026-05-27 13:00:00,0.0,0.48,0.0,0.0,16.29,0.0,750.719970703125,729.6699829101562,409.010009765625,82.23500061035156,51.3849983215332,45.095001220703125,57.17499923706055,85.30999755859375,29.405000686645508,104.73500061035156,68.37449645996094,320.62,21834.0,0.1831583333333331,0.5106,0.0,0.5095,,0.0003331245882707279,Neutral,False
2026-05-27 14:00:00,0.0,0.48,0.0,0.0,16.29,0.0,750.5601196289062,728.989990234375,408.5799865722656,82.2249984741211,51.42910003662109,45.060001373291016,57.209999084472656,85.29000091552734,29.489999771118164,104.7750015258789,68.45999908447266,320.62,21834.0,0.1831583333333331,0.5106,0.0,0.5095,,0.0006868077655173277,Neutral,False
2026-05-27 15:00:00,0.0,0.48,0.0,0.0,16.29,0.0,750.469970703125,729.489990234375,408.5199890136719,82.2249984741211,51.43999862670898,45.130001068115234,56.97999954223633,85.29000091552734,29.479999542236328,104.77999877929688,68.4000015258789,320.62,21834.0,0.1831583333333331,0.5106,0.0,0.5095,,0.001260726804686918,Neutral,False
2026-05-28 09:00:00,0.0,0.46,0.0,0.0,16.29,0.0,752.719970703125,731.9298706054688,409.3999938964844,82.26499938964844,51.27000045776367,45.03499984741211,56.97999954223633,85.62000274658203,29.520000457763672,104.72000122070312,68.2699966430664,320.62,21834.0,0.1831583333333331,0.5106,0.0,0.5095,,0.004068277102680762,Neutral,False
2026-05-28 10:00:00,0.0,0.46,0.0,0.0,16.29,0.0,753.9400024414062,734.6699829101562,410.8999938964844,82.26000213623047,51.2400016784668,44.834999084472656,57.20500183105469,85.56500244140625,29.65999984741211,104.77999877929688,68.57499694824219,320.62,21834.0,0.1831583333333331,0.5106,0.0,0.5095,,0.006380518805364499,Neutral,False
2026-05-28 11:00:00,0.0,0.46,0.0,0.0,16.29,0.0,754.3800048828125,735.6400146484375,413.0899963378906,82.26499938964844,51.14500045776367,44.994998931884766,57.095001220703125,85.6449966430664,29.609899520874023,104.8550033569336,68.66500091552734,320.62,21834.0,0.1831583333333331,0.5106,0.0,0.5095,,0.004875365412564614,Neutral,False
2026-05-28 12:00:00,0.0,0.46,0.0,0.0,16.29,0.0,754.2650146484375,735.5750122070312,413.1900024414063,82.25990295410156,51.20500183105469,44.94499969482422,57.04499816894531,85.62000274658203,29.61009979248047,104.8499984741211,68.56500244140625,320.62,21834.0,0.1831583333333331,0.5106,0.0,0.5095,,0.004936173562436252,Neutral,False
2026-05-28 13:00:00,0.0,0.46,0.0,0.0,16.29,0.0,754.780029296875,735.969970703125,413.5799865722656,82.25499725341797,51.22499847412109,44.81999969482422,57.005001068115234,85.69499969482422,29.665000915527344,104.76000213623048,68.59500122070312,320.62,21834.0,0.1831583333333331,0.5106,0.0,0.5095,,0.005743145977862074,Neutral,False
2026-05-28 14:00:00,0.0,0.46,0.0,0.0,16.29,0.0,754.760009765625,735.6500244140625,412.9649963378906,82.25,51.28499984741211,44.60940170288086,57.04499816894531,85.66500091552734,29.70499992370605,104.6750030517578,68.56500244140625,320.62,21834.0,0.1831583333333331,0.5106,0.0,0.5095,,0.002710223113376875,Neutral,False
2026-05-28 15:00:00,0.0,0.46,0.0,0.0,16.29,0.0,754.6400146484375,735.5700073242188,412.80279541015625,82.25029754638672,51.27000045776367,44.619998931884766,56.93000030517578,85.72000122070312,29.71999931335449,104.69000244140624,68.62000274658203,320.62,21834.0,0.1831583333333331,0.5106,0.0,0.5095,,0.0009284720332711771,Neutral,False
