Timestamp,Inflation_Sentiment,Labor_Market,Manufacturing,Monetary_Policy,Inflation_CPI,Yield_Curve_10Y2Y,Fed_Funds_Rate,Unemployment_Rate,Inflation_YoY,Regime_V2
2026-02-11 18:40:42.442708,0.2263,0.6041,0.137375,0.5106,326.03,0.55,3.72,4.4,2.653312468710922,Goldilocks (Growth)
2026-02-11 18:40:42.443194,0.41935,0.6041,0.0698333333333333,0.5106,326.03,0.55,3.72,4.4,2.653312468710922,Goldilocks (Growth)
2026-02-11 18:40:42.443292,0.2369,0.6041,-0.02025,0.5106,326.03,0.55,3.72,4.4,2.653312468710922,Goldilocks (Growth)
2026-02-11 18:40:42.443516,0.0772,0.6041,0.5719,0.5106,326.03,0.55,3.72,4.4,2.653312468710922,Goldilocks (Growth)
2026-02-11 18:40:42.443762,0.1936999999999999,0.6041,0.5719,0.5106,326.03,0.55,3.72,4.4,2.653312468710922,Goldilocks (Growth)
2026-02-11 18:40:42.444049,0.01028,0.6041,0.5719,0.5106,326.03,0.55,3.72,4.4,2.653312468710922,Goldilocks (Growth)
2026-02-11 18:40:42.444214,0.0407999999999999,0.6041,0.5719,0.5106,326.03,0.55,3.72,4.4,2.653312468710922,Goldilocks (Growth)
2026-02-11 18:40:42.444289,-0.0677,0.6041,0.5719,0.5106,326.03,0.55,3.72,4.4,2.653312468710922,Goldilocks (Growth)
2026-02-11 18:40:42.444436,0.0763199999999999,0.6041,0.5719,0.5106,326.03,0.55,3.72,4.4,2.653312468710922,Goldilocks (Growth)
2026-02-11 18:40:42.444526,0.03246,0.6041,0.5719,0.5106,326.03,0.55,3.72,4.4,2.653312468710922,Goldilocks (Growth)
2026-02-11 18:40:42.444902,0.3555399999999999,0.6041,0.5719,0.5106,326.03,0.55,3.72,4.4,2.653312468710922,Goldilocks (Growth)
2026-02-11 18:40:42.445067,0.0198199999999999,0.6041,0.5719,0.5106,326.03,0.55,3.72,4.4,2.653312468710922,Goldilocks (Growth)
2026-02-11 18:40:42.445328,0.0621599999999999,0.6041,0.5719,0.5106,326.03,0.55,3.72,4.4,2.653312468710922,Goldilocks (Growth)
2026-02-11 18:40:42.445446,-0.08674,0.6041,0.5719,0.5106,326.03,0.55,3.72,4.4,2.653312468710922,Goldilocks (Growth)
2026-02-11 18:40:42.445587,-0.01596,0.6041,0.5719,0.5106,326.03,0.55,3.72,4.4,2.653312468710922,Goldilocks (Growth)
2026-02-11 18:45:36.260062,-0.2511,0.6041,0.5719,0.6124,326.03,0.55,3.72,4.4,2.653312468710922,Goldilocks (Growth)
2026-02-11 18:45:36.260205,-0.0302666666666666,0.6041,0.5719,0.7295,326.03,0.55,3.72,4.4,2.653312468710922,Goldilocks (Growth)
2026-02-11 18:45:36.260267,0.184,0.6041,0.5719,0.4863333333333333,326.03,0.55,3.72,4.4,2.653312468710922,Goldilocks (Growth)
2026-02-11 18:45:36.260578,0.7943,0.6041,0.5719,0.168625,326.03,0.55,3.72,4.4,2.653312468710922,Goldilocks (Growth)
2026-02-11 18:45:36.260867,0.7943,0.6041,0.5719,-0.0488199999999999,326.03,0.55,3.72,4.4,2.653312468710922,Goldilocks (Growth)
2026-02-11 18:45:36.260942,0.7943,0.6041,0.5719,-0.0909199999999999,326.03,0.55,3.72,4.4,2.653312468710922,Goldilocks (Growth)
2026-02-11 18:45:36.261133,0.7943,0.6041,0.5719,-0.1487599999999999,326.03,0.55,3.72,4.4,2.653312468710922,Goldilocks -> Tightening (Warning)
2026-02-11 18:45:36.261319,0.7943,0.6041,0.5719,-0.0050799999999999,326.03,0.55,3.72,4.4,2.653312468710922,Goldilocks -> Tightening (Warning)
2026-02-11 18:45:36.261417,0.7943,0.6041,0.5719,0.15182,326.03,0.55,3.72,4.4,2.653312468710922,Goldilocks -> Tightening (Warning)
2026-02-11 18:45:36.261734,0.7943,0.6041,0.5719,0.2577,326.03,0.55,3.72,4.4,2.653312468710922,Goldilocks -> Tightening (Warning)
2026-02-11 18:45:36.261972,0.7943,0.6041,0.5719,0.26908,326.03,0.55,3.72,4.4,2.653312468710922,Goldilocks -> Tightening (Warning)
2026-02-11 18:45:36.262124,0.7943,0.6041,0.5719,0.0896,326.03,0.55,3.72,4.4,2.653312468710922,Goldilocks -> Tightening (Warning)
2026-02-11 18:45:36.262516,0.7943,0.6041,0.5719,-0.1154999999999999,326.03,0.55,3.72,4.4,2.653312468710922,Goldilocks -> Tightening (Warning)
2026-02-11 18:45:36.262628,0.7943,0.6041,0.5719,0.00168,326.03,0.55,3.72,4.4,2.653312468710922,Goldilocks -> Tightening (Warning)
2026-02-11 18:45:36.262745,0.7943,0.6041,0.5719,0.18164,326.03,0.55,3.72,4.4,2.653312468710922,Goldilocks -> Tightening (Warning)
2026-02-11 18:45:36.367117,0.7943,-0.8689,0.5719,0.11235,326.03,0.55,3.72,4.4,2.653312468710922,Goldilocks -> Tightening (Warning)
2026-02-11 18:45:36.367356,0.7943,0.0134,0.5719,0.2631333333333334,326.03,0.55,3.72,4.4,2.653312468710922,Goldilocks -> Tightening (Warning)
2026-02-11 18:45:36.367554,0.7943,0.2637666666666666,0.5719,0.5482500000000001,326.03,0.55,3.72,4.4,2.653312468710922,Goldilocks -> Tightening (Warning)
2026-02-11 18:45:36.367621,0.7943,0.2544,0.5719,0.5106,326.03,0.55,3.72,4.4,2.653312468710922,Goldilocks -> Tightening (Warning)
2026-02-11 18:45:36.367763,0.7943,0.0205,0.5719,0.5106,326.03,0.55,3.72,4.4,2.653312468710922,Goldilocks -> Tightening (Warning)
2026-02-11 18:45:36.367930,0.7943,0.12628,0.5719,0.5106,326.03,0.55,3.72,4.4,2.653312468710922,Goldilocks -> Tightening (Warning)
2026-02-11 18:45:36.368010,0.7943,-0.13716,0.5719,0.5106,326.03,0.55,3.72,4.4,2.653312468710922,Goldilocks -> Tightening (Warning)
2026-02-11 18:45:36.368096,0.7943,-0.41978,0.5719,0.5106,326.03,0.55,3.72,4.4,2.653312468710922,Goldilocks -> Tightening (Warning)
2026-02-11 18:45:36.368290,0.7943,-0.5735,0.5719,0.5106,326.03,0.55,3.72,4.4,2.653312468710922,Goldilocks -> Tightening (Warning)
2026-02-11 18:45:36.368488,0.7943,-0.2761,0.5719,0.5106,326.03,0.55,3.72,4.4,2.653312468710922,Goldilocks -> Tightening (Warning)
2026-02-11 18:45:36.368530,0.7943,-0.2080999999999999,0.5719,0.5106,326.03,0.55,3.72,4.4,2.653312468710922,Goldilocks -> Tightening (Warning)
2026-02-11 18:45:36.368788,0.7943,0.0622,0.5719,0.5106,326.03,0.55,3.72,4.4,2.653312468710922,Goldilocks -> Tightening (Warning)
2026-02-11 18:45:36.369035,0.7943,0.37792,0.5719,0.5106,326.03,0.55,3.72,4.4,2.653312468710922,Goldilocks -> Tightening (Warning)
2026-02-11 18:45:36.369088,0.7943,0.48638,0.5719,0.5106,326.03,0.55,3.72,4.4,2.653312468710922,Goldilocks -> Tightening (Warning)
2026-02-11 18:45:36.369194,0.7943,0.49282,0.5719,0.5106,326.03,0.55,3.72,4.4,2.653312468710922,Goldilocks -> Tightening (Warning)
2026-02-11 18:45:36.480618,0.7943,0.616025,0.6808,0.5106,326.03,0.55,3.72,4.4,2.653312468710922,Goldilocks -> Tightening (Warning)
2026-02-11 18:45:36.480720,0.7943,0.5113666666666666,0.3404,0.5106,326.03,0.55,3.72,4.4,2.653312468710922,Goldilocks -> Tightening (Warning)
2026-02-11 18:45:36.480877,0.7943,0.30205,0.5360666666666667,0.5106,326.03,0.55,3.72,4.4,2.653312468710922,Goldilocks -> Tightening (Warning)
2026-02-11 18:45:36.481026,0.7943,0.6041,0.5414,0.5106,326.03,0.55,3.72,4.4,2.653312468710922,Goldilocks -> Tightening (Warning)
2026-02-11 18:45:36.481237,0.7943,0.6041,0.60246,0.5106,326.03,0.55,3.72,4.4,2.653312468710922,Goldilocks -> Tightening (Warning)
2026-02-11 18:45:36.481319,0.7943,0.6041,0.4663,0.5106,326.03,0.55,3.72,4.4,2.653312468710922,Goldilocks -> Tightening (Warning)
2026-02-11 18:45:36.481404,0.7943,0.6041,0.4663,0.5106,326.03,0.55,3.72,4.4,2.653312468710922,Goldilocks -> Tightening (Warning)
2026-02-11 18:45:36.481517,0.7943,0.6041,0.34882,0.5106,326.03,0.55,3.72,4.4,2.653312468710922,Goldilocks -> Tightening (Warning)
2026-02-11 18:45:36.481620,0.7943,0.6041,0.23734,0.5106,326.03,0.55,3.72,4.4,2.653312468710922,Goldilocks -> Tightening (Warning)
2026-02-11 18:45:36.481794,0.7943,0.6041,0.24336,0.5106,326.03,0.55,3.72,4.4,2.653312468710922,Goldilocks -> Tightening (Warning)
2026-02-11 18:45:36.481912,0.7943,0.6041,0.2639,0.5106,326.03,0.55,3.72,4.4,2.653312468710922,Goldilocks -> Tightening (Warning)
2026-02-11 18:45:36.482098,0.7943,0.6041,0.3319,0.5106,326.03,0.55,3.72,4.4,2.653312468710922,Goldilocks -> Tightening (Warning)
2026-02-11 18:45:36.482223,0.7943,0.6041,0.3139,0.5106,326.03,0.55,3.72,4.4,2.653312468710922,Goldilocks -> Tightening (Warning)
2026-02-11 18:45:36.482321,0.7943,0.6041,0.19142,0.5106,326.03,0.55,3.72,4.4,2.653312468710922,Goldilocks -> Tightening (Warning)
2026-02-11 18:45:36.482383,0.7943,0.6041,0.13044,0.5106,326.03,0.55,3.72,4.4,2.653312468710922,Goldilocks -> Tightening (Warning)
2026-02-11 18:45:36.564996,0.2263,0.6041,0.137375,0.5106,326.03,0.55,3.72,4.4,2.653312468710922,Goldilocks -> Tightening (Warning)
2026-02-11 18:45:36.565372,0.41935,0.6041,0.0698333333333333,0.5106,326.03,0.55,3.72,4.4,2.653312468710922,Goldilocks -> Tightening (Warning)
2026-02-11 18:45:36.565474,0.2369,0.6041,-0.02025,0.5106,326.03,0.55,3.72,4.4,2.653312468710922,Goldilocks -> Tightening (Warning)
2026-02-11 18:45:36.565657,0.0772,0.6041,0.5719,0.5106,326.03,0.55,3.72,4.4,2.653312468710922,Goldilocks -> Tightening (Warning)
2026-02-11 18:45:36.565846,0.1936999999999999,0.6041,0.5719,0.5106,326.03,0.55,3.72,4.4,2.653312468710922,Goldilocks -> Tightening (Warning)
2026-02-11 18:45:36.566082,0.01028,0.6041,0.5719,0.5106,326.03,0.55,3.72,4.4,2.653312468710922,Goldilocks -> Tightening (Warning)
2026-02-11 18:45:36.566262,0.0407999999999999,0.6041,0.5719,0.5106,326.03,0.55,3.72,4.4,2.653312468710922,Goldilocks -> Tightening (Warning)
2026-02-11 18:45:36.566337,-0.0677,0.6041,0.5719,0.5106,326.03,0.55,3.72,4.4,2.653312468710922,Goldilocks -> Tightening (Warning)
2026-02-11 18:45:36.566491,0.0763199999999999,0.6041,0.5719,0.5106,326.03,0.55,3.72,4.4,2.653312468710922,Goldilocks -> Tightening (Warning)
2026-02-11 18:45:36.566578,0.03246,0.6041,0.5719,0.5106,326.03,0.55,3.72,4.4,2.653312468710922,Goldilocks -> Tightening (Warning)
2026-02-11 18:45:36.566916,0.3555399999999999,0.6041,0.5719,0.5106,326.03,0.55,3.72,4.4,2.653312468710922,Goldilocks -> Tightening (Warning)
2026-02-11 18:45:36.567073,0.0198199999999999,0.6041,0.5719,0.5106,326.03,0.55,3.72,4.4,2.653312468710922,Goldilocks -> Tightening (Warning)
2026-02-11 18:45:36.567325,0.0621599999999999,0.6041,0.5719,0.5106,326.03,0.55,3.72,4.4,2.653312468710922,Goldilocks -> Tightening (Warning)
2026-02-11 18:45:36.567457,-0.08674,0.6041,0.5719,0.5106,326.03,0.55,3.72,4.4,2.653312468710922,Goldilocks -> Tightening (Warning)
2026-02-11 18:45:36.567592,-0.01596,0.6041,0.5719,0.5106,326.03,0.55,3.72,4.4,2.653312468710922,Goldilocks -> Tightening (Warning)
2026-02-11 19:48:16.330713,-0.2511,0.6041,0.5719,0.6124,326.03,0.55,3.72,4.4,2.653312468710922,Goldilocks -> Tightening (Warning)
2026-02-11 19:48:16.330858,-0.0302666666666666,0.6041,0.5719,0.7295,326.03,0.55,3.72,4.4,2.653312468710922,Goldilocks -> Tightening (Warning)
2026-02-11 19:48:16.330919,0.184,0.6041,0.5719,0.4863333333333333,326.03,0.55,3.72,4.4,2.653312468710922,Goldilocks -> Tightening (Warning)
2026-02-11 19:48:16.331209,0.7943,0.6041,0.5719,0.168625,326.03,0.55,3.72,4.4,2.653312468710922,Goldilocks -> Tightening (Warning)
2026-02-11 19:48:16.331489,0.7943,0.6041,0.5719,-0.0488199999999999,326.03,0.55,3.72,4.4,2.653312468710922,Goldilocks -> Tightening (Warning)
2026-02-11 19:48:16.331560,0.7943,0.6041,0.5719,-0.0909199999999999,326.03,0.55,3.72,4.4,2.653312468710922,Goldilocks -> Tightening (Warning)
2026-02-11 19:48:16.331763,0.7943,0.6041,0.5719,-0.1487599999999999,326.03,0.55,3.72,4.4,2.653312468710922,Goldilocks -> Tightening (Warning)
2026-02-11 19:48:16.331946,0.7943,0.6041,0.5719,-0.0050799999999999,326.03,0.55,3.72,4.4,2.653312468710922,Goldilocks -> Tightening (Warning)
2026-02-11 19:48:16.332028,0.7943,0.6041,0.5719,0.15182,326.03,0.55,3.72,4.4,2.653312468710922,Goldilocks -> Tightening (Warning)
2026-02-11 19:48:16.332336,0.7943,0.6041,0.5719,0.2577,326.03,0.55,3.72,4.4,2.653312468710922,Goldilocks -> Tightening (Warning)
2026-02-11 19:48:16.332566,0.7943,0.6041,0.5719,0.26908,326.03,0.55,3.72,4.4,2.653312468710922,Goldilocks -> Tightening (Warning)
2026-02-11 19:48:16.332728,0.7943,0.6041,0.5719,0.0896,326.03,0.55,3.72,4.4,2.653312468710922,Goldilocks -> Tightening (Warning)
2026-02-11 19:48:16.333082,0.7943,0.6041,0.5719,-0.1154999999999999,326.03,0.55,3.72,4.4,2.653312468710922,Goldilocks -> Tightening (Warning)
2026-02-11 19:48:16.333191,0.7943,0.6041,0.5719,0.00168,326.03,0.55,3.72,4.4,2.653312468710922,Goldilocks -> Tightening (Warning)
2026-02-11 19:48:16.333303,0.7943,0.6041,0.5719,0.18164,326.03,0.55,3.72,4.4,2.653312468710922,Goldilocks -> Tightening (Warning)
2026-02-11 19:48:16.440982,0.7943,-0.3919,0.5719,0.11235,326.03,0.55,3.72,4.4,2.653312468710922,Goldilocks -> Tightening (Warning)
2026-02-11 19:48:16.441237,0.7943,-0.107,0.5719,0.2631333333333334,326.03,0.55,3.72,4.4,2.653312468710922,Goldilocks -> Tightening (Warning)
2026-02-11 19:48:16.441334,0.7943,-0.2181333333333333,0.5719,0.5482500000000001,326.03,0.55,3.72,4.4,2.653312468710922,Goldilocks -> Tightening (Warning)
2026-02-11 19:48:16.441515,0.7943,-0.380825,0.5719,0.5106,326.03,0.55,3.72,4.4,2.653312468710922,Goldilocks -> Tightening (Warning)
2026-02-11 19:48:16.441749,0.7943,-0.12552,0.5719,0.5106,326.03,0.55,3.72,4.4,2.653312468710922,Goldilocks -> Tightening (Warning)
2026-02-11 19:48:16.441923,0.7943,0.1057599999999999,0.5719,0.5106,326.03,0.55,3.72,4.4,2.653312468710922,Goldilocks -> Tightening (Warning)
2026-02-11 19:48:16.441985,0.7943,0.1154399999999999,0.5719,0.5106,326.03,0.55,3.72,4.4,2.653312468710922,Goldilocks -> Tightening (Warning)
2026-02-11 19:48:16.442121,0.7943,0.0204999999999999,0.5719,0.5106,326.03,0.55,3.72,4.4,2.653312468710922,Goldilocks -> Tightening (Warning)
2026-02-11 19:48:16.442283,0.7943,0.12628,0.5719,0.5106,326.03,0.55,3.72,4.4,2.653312468710922,Goldilocks -> Tightening (Warning)
2026-02-11 19:48:16.442359,0.7943,-0.13716,0.5719,0.5106,326.03,0.55,3.72,4.4,2.653312468710922,Goldilocks -> Tightening (Warning)
2026-02-11 19:48:16.442440,0.7943,-0.41978,0.5719,0.5106,326.03,0.55,3.72,4.4,2.653312468710922,Goldilocks -> Tightening (Warning)
2026-02-11 19:48:16.442631,0.7943,-0.5735,0.5719,0.5106,326.03,0.55,3.72,4.4,2.653312468710922,Goldilocks -> Tightening (Warning)
2026-02-11 19:48:16.442822,0.7943,-0.2761,0.5719,0.5106,326.03,0.55,3.72,4.4,2.653312468710922,Goldilocks -> Tightening (Warning)
2026-02-11 19:48:16.442863,0.7943,-0.2080999999999999,0.5719,0.5106,326.03,0.55,3.72,4.4,2.653312468710922,Goldilocks -> Tightening (Warning)
2026-02-11 19:48:16.443158,0.7943,0.0622,0.5719,0.5106,326.03,0.55,3.72,4.4,2.653312468710922,Goldilocks -> Tightening (Warning)
2026-02-11 19:48:16.680733,0.7943,0.2399,0.4939,0.5106,326.03,0.55,3.72,4.4,2.653312468710922,Goldilocks -> Tightening (Warning)
2026-02-11 19:48:16.680836,0.7943,0.5006333333333334,0.046,0.5106,326.03,0.55,3.72,4.4,2.653312468710922,Goldilocks -> Tightening (Warning)
2026-02-11 19:48:16.680951,0.7943,0.465,-0.1032999999999999,0.5106,326.03,0.55,3.72,4.4,2.653312468710922,Goldilocks -> Tightening (Warning)
2026-02-11 19:48:16.681057,0.7943,0.93,-0.1779499999999999,0.5106,326.03,0.55,3.72,4.4,2.653312468710922,Goldilocks -> Tightening (Warning)
2026-02-11 19:48:16.681244,0.7943,0.93,-0.0061999999999999,0.5106,326.03,0.55,3.72,4.4,2.653312468710922,Goldilocks -> Tightening (Warning)
2026-02-11 19:48:16.681327,0.7943,0.93,-0.1049799999999999,0.5106,326.03,0.55,3.72,4.4,2.653312468710922,Goldilocks -> Tightening (Warning)
2026-02-11 19:48:16.681473,0.7943,0.93,0.16088,0.5106,326.03,0.55,3.72,4.4,2.653312468710922,Goldilocks -> Tightening (Warning)
2026-02-11 19:48:16.681611,0.7943,0.93,0.35274,0.5106,326.03,0.55,3.72,4.4,2.653312468710922,Goldilocks -> Tightening (Warning)
2026-02-11 19:48:16.681824,0.7943,0.93,0.60246,0.5106,326.03,0.55,3.72,4.4,2.653312468710922,Goldilocks -> Tightening (Warning)
2026-02-11 19:48:16.681899,0.7943,0.93,0.4663,0.5106,326.03,0.55,3.72,4.4,2.653312468710922,Goldilocks -> Tightening (Warning)
2026-02-11 19:48:16.681968,0.7943,0.93,0.4663,0.5106,326.03,0.55,3.72,4.4,2.653312468710922,Goldilocks -> Tightening (Warning)
2026-02-11 19:48:16.682074,0.7943,0.93,0.34882,0.5106,326.03,0.55,3.72,4.4,2.653312468710922,Goldilocks -> Tightening (Warning)
2026-02-11 19:48:16.682170,0.7943,0.93,0.23734,0.5106,326.03,0.55,3.72,4.4,2.653312468710922,Goldilocks -> Tightening (Warning)
2026-02-11 19:48:16.682338,0.7943,0.93,0.24336,0.5106,326.03,0.55,3.72,4.4,2.653312468710922,Goldilocks -> Tightening (Warning)
2026-02-11 19:48:16.682450,0.7943,0.93,0.2638999999999999,0.5106,326.03,0.55,3.72,4.4,2.653312468710922,Goldilocks -> Tightening (Warning)
2026-02-11 19:48:16.999067,-0.3182,0.93,0.329875,0.5106,326.03,0.55,3.72,4.4,2.653312468710922,Goldilocks -> Tightening (Warning)
2026-02-11 19:48:16.999489,-0.63095,0.93,0.3264999999999999,0.5106,326.03,0.55,3.72,4.4,2.653312468710922,Goldilocks -> Tightening (Warning)
2026-02-11 19:48:16.999619,-0.3002333333333333,0.93,0.4897499999999999,0.5106,326.03,0.55,3.72,4.4,2.653312468710922,Goldilocks -> Tightening (Warning)
2026-02-11 19:48:16.999753,-0.32315,0.93,0.1027,0.5106,326.03,0.55,3.72,4.4,2.653312468710922,Goldilocks -> Tightening (Warning)
2026-02-11 19:48:16.999879,-0.18644,0.93,0.1027,0.5106,326.03,0.55,3.72,4.4,2.653312468710922,Goldilocks -> Tightening (Warning)
2026-02-11 19:48:17.000037,-0.02746,0.93,0.1027,0.5106,326.03,0.55,3.72,4.4,2.653312468710922,Goldilocks -> Tightening (Warning)
2026-02-11 19:48:17.000301,0.3582599999999999,0.93,0.1027,0.5106,326.03,0.55,3.72,4.4,2.653312468710922,Goldilocks -> Tightening (Warning)
2026-02-11 19:48:17.000380,0.3312799999999999,0.93,0.1027,0.5106,326.03,0.55,3.72,4.4,2.653312468710922,Goldilocks -> Tightening (Warning)
2026-02-11 19:48:17.000739,0.53214,0.93,0.1027,0.5106,326.03,0.55,3.72,4.4,2.653312468710922,Goldilocks -> Tightening (Warning)
2026-02-11 19:48:17.000814,0.4344599999999999,0.93,0.1027,0.5106,326.03,0.55,3.72,4.4,2.653312468710922,Goldilocks -> Tightening (Warning)
2026-02-11 19:48:17.000984,0.2587399999999999,0.93,0.1027,0.5106,326.03,0.55,3.72,4.4,2.653312468710922,Goldilocks -> Tightening (Warning)
2026-02-11 19:48:17.001162,0.1936999999999999,0.93,0.1027,0.5106,326.03,0.55,3.72,4.4,2.653312468710922,Goldilocks -> Tightening (Warning)
2026-02-11 19:48:17.001384,0.0102799999999999,0.93,0.1027,0.5106,326.03,0.55,3.72,4.4,2.653312468710922,Goldilocks -> Tightening (Warning)
2026-02-11 19:48:17.001523,0.0407999999999999,0.93,0.1027,0.5106,326.03,0.55,3.72,4.4,2.653312468710922,Goldilocks -> Tightening (Warning)
2026-02-11 19:48:17.001589,-0.0677,0.93,0.1027,0.5106,326.03,0.55,3.72,4.4,2.653312468710922,Goldilocks -> Tightening (Warning)
2026-02-11 21:14:39.774049,0.0158499999999999,0.93,0.1027,0.6124,326.03,0.55,3.72,4.4,2.653312468710922,Goldilocks -> Tightening (Warning)
2026-02-11 21:14:39.774191,-0.1987666666666667,0.93,0.1027,0.7295,326.03,0.55,3.72,4.4,2.653312468710922,Goldilocks -> Tightening (Warning)
2026-02-11 21:14:39.774257,0.0472499999999998,0.93,0.1027,0.4863333333333333,326.03,0.55,3.72,4.4,2.653312468710922,Goldilocks -> Tightening (Warning)
2026-02-11 21:14:39.774574,-0.6705,0.93,0.1027,0.168625,326.03,0.55,3.72,4.4,2.653312468710922,Goldilocks -> Tightening (Warning)
2026-02-11 21:14:39.774868,-0.6705,0.93,0.1027,-0.0488199999999999,326.03,0.55,3.72,4.4,2.653312468710922,Goldilocks -> Tightening (Warning)
2026-02-11 21:14:39.774944,-0.6705,0.93,0.1027,-0.0909199999999999,326.03,0.55,3.72,4.4,2.653312468710922,Goldilocks -> Tightening (Warning)
2026-02-11 21:14:39.775137,-0.6705,0.93,0.1027,-0.1487599999999999,326.03,0.55,3.72,4.4,2.653312468710922,Goldilocks -> Tightening (Warning)
2026-02-11 21:14:39.775324,-0.6705,0.93,0.1027,-0.0050799999999999,326.03,0.55,3.72,4.4,2.653312468710922,Goldilocks -> Tightening (Warning)
2026-02-11 21:14:39.775421,-0.6705,0.93,0.1027,0.15182,326.03,0.55,3.72,4.4,2.653312468710922,Goldilocks -> Tightening (Warning)
2026-02-11 21:14:39.775741,-0.6705,0.93,0.1027,0.2577,326.03,0.55,3.72,4.4,2.653312468710922,Goldilocks -> Tightening (Warning)
2026-02-11 21:14:39.775981,-0.6705,0.93,0.1027,0.26908,326.03,0.55,3.72,4.4,2.653312468710922,Goldilocks -> Tightening (Warning)
2026-02-11 21:14:39.776135,-0.6705,0.93,0.1027,0.0896,326.03,0.55,3.72,4.4,2.653312468710922,Goldilocks -> Tightening (Warning)
2026-02-11 21:14:39.776516,-0.6705,0.93,0.1027,-0.1154999999999999,326.03,0.55,3.72,4.4,2.653312468710922,Goldilocks -> Tightening (Warning)
2026-02-11 21:14:39.776629,-0.6705,0.93,0.1027,0.00168,326.03,0.55,3.72,4.4,2.653312468710922,Goldilocks -> Tightening (Warning)
2026-02-11 21:14:39.776746,-0.6705,0.93,0.1027,0.18164,326.03,0.55,3.72,4.4,2.653312468710922,Goldilocks -> Tightening (Warning)
2026-02-11 21:14:40.048675,-0.6705,0.891,0.1027,0.11235,326.03,0.55,3.72,4.4,2.653312468710922,Goldilocks -> Tightening (Warning)
2026-02-11 21:14:40.048874,-0.6705,0.54665,0.1027,0.2631333333333334,326.03,0.55,3.72,4.4,2.653312468710922,Goldilocks -> Tightening (Warning)
2026-02-11 21:14:40.048993,-0.6705,0.3046666666666667,0.1027,0.5482500000000001,326.03,0.55,3.72,4.4,2.653312468710922,Goldilocks -> Tightening (Warning)
2026-02-11 21:14:40.049153,-0.6705,0.35375,0.1027,0.5106,326.03,0.55,3.72,4.4,2.653312468710922,Goldilocks -> Tightening (Warning)
2026-02-11 21:14:40.049280,-0.6705,0.2046199999999999,0.1027,0.5106,326.03,0.55,3.72,4.4,2.653312468710922,Goldilocks -> Tightening (Warning)
2026-02-11 21:14:40.049538,-0.6705,0.062,0.1027,0.5106,326.03,0.55,3.72,4.4,2.653312468710922,Goldilocks -> Tightening (Warning)
2026-02-11 21:14:40.049634,-0.6705,-0.06654,0.1027,0.5106,326.03,0.55,3.72,4.4,2.653312468710922,Goldilocks -> Tightening (Warning)
2026-02-11 21:14:40.049815,-0.6705,-0.20446,0.1027,0.5106,326.03,0.55,3.72,4.4,2.653312468710922,Goldilocks -> Tightening (Warning)
2026-02-11 21:14:40.050033,-0.6705,-0.1255199999999999,0.1027,0.5106,326.03,0.55,3.72,4.4,2.653312468710922,Goldilocks -> Tightening (Warning)
2026-02-11 21:14:40.050210,-0.6705,0.10576,0.1027,0.5106,326.03,0.55,3.72,4.4,2.653312468710922,Goldilocks -> Tightening (Warning)
2026-02-11 21:14:40.050277,-0.6705,0.11544,0.1027,0.5106,326.03,0.55,3.72,4.4,2.653312468710922,Goldilocks -> Tightening (Warning)
2026-02-11 21:14:40.050433,-0.6705,0.0205,0.1027,0.5106,326.03,0.55,3.72,4.4,2.653312468710922,Goldilocks -> Tightening (Warning)
2026-02-11 21:14:40.050602,-0.6705,0.12628,0.1027,0.5106,326.03,0.55,3.72,4.4,2.653312468710922,Goldilocks -> Tightening (Warning)
2026-02-11 21:14:40.050682,-0.6705,-0.13716,0.1027,0.5106,326.03,0.55,3.72,4.4,2.653312468710922,Goldilocks -> Tightening (Warning)
2026-02-11 21:14:40.050766,-0.6705,-0.41978,0.1027,0.5106,326.03,0.55,3.72,4.4,2.653312468710922,Goldilocks -> Tightening (Warning)
2026-02-11 21:14:40.277523,-0.6705,-0.5813,0.0,0.5106,326.03,0.55,3.72,4.4,2.653312468710922,Goldilocks -> Tightening (Warning)
2026-02-11 21:14:40.277660,-0.6705,-0.4700333333333333,0.0513499999999999,0.5106,326.03,0.55,3.72,4.4,2.653312468710922,Goldilocks -> Tightening (Warning)
2026-02-11 21:14:40.277788,-0.6705,-0.5350499999999999,-0.0644333333333333,0.5106,326.03,0.55,3.72,4.4,2.653312468710922,Goldilocks -> Tightening (Warning)
2026-02-11 21:14:40.277977,-0.6705,-0.6486,-0.257325,0.5106,326.03,0.55,3.72,4.4,2.653312468710922,Goldilocks -> Tightening (Warning)
2026-02-11 21:14:40.278077,-0.6705,-0.6486,-0.10708,0.5106,326.03,0.55,3.72,4.4,2.653312468710922,Goldilocks -> Tightening (Warning)
2026-02-11 21:14:40.278174,-0.6705,-0.6486,-0.18746,0.5106,326.03,0.55,3.72,4.4,2.653312468710922,Goldilocks -> Tightening (Warning)
2026-02-11 21:14:40.278293,-0.6705,-0.6486,-0.2883799999999999,0.5106,326.03,0.55,3.72,4.4,2.653312468710922,Goldilocks -> Tightening (Warning)
2026-02-11 21:14:40.278421,-0.6705,-0.6486,-0.3095599999999999,0.5106,326.03,0.55,3.72,4.4,2.653312468710922,Goldilocks -> Tightening (Warning)
2026-02-11 21:14:40.278617,-0.6705,-0.6486,-0.0062,0.5106,326.03,0.55,3.72,4.4,2.653312468710922,Goldilocks -> Tightening (Warning)
2026-02-11 21:14:40.278702,-0.6705,-0.6486,-0.10498,0.5106,326.03,0.55,3.72,4.4,2.653312468710922,Goldilocks -> Tightening (Warning)
2026-02-11 21:14:40.278853,-0.6705,-0.6486,0.1608799999999999,0.5106,326.03,0.55,3.72,4.4,2.653312468710922,Goldilocks -> Tightening (Warning)
2026-02-11 21:14:40.278998,-0.6705,-0.6486,0.3527399999999999,0.5106,326.03,0.55,3.72,4.4,2.653312468710922,Goldilocks -> Tightening (Warning)
2026-02-11 21:14:40.279197,-0.6705,-0.6486,0.60246,0.5106,326.03,0.55,3.72,4.4,2.653312468710922,Goldilocks -> Tightening (Warning)
2026-02-11 21:14:40.279274,-0.6705,-0.6486,0.4663,0.5106,326.03,0.55,3.72,4.4,2.653312468710922,Goldilocks -> Tightening (Warning)
2026-02-11 21:14:40.279343,-0.6705,-0.6486,0.4663,0.5106,326.03,0.55,3.72,4.4,2.653312468710922,Goldilocks -> Tightening (Warning)
2026-02-11 21:14:40.515213,0.4404,-0.6486,0.351025,0.5106,326.03,0.55,3.72,4.4,2.653312468710922,Goldilocks -> Tightening (Warning)
2026-02-11 21:14:40.515290,0.2201999999999998,-0.6486,0.2822333333333333,0.5106,326.03,0.55,3.72,4.4,2.653312468710922,Goldilocks -> Tightening (Warning)
2026-02-11 21:14:40.515482,0.0407333333333332,-0.6486,0.0,0.5106,326.03,0.55,3.72,4.4,2.653312468710922,Goldilocks -> Tightening (Warning)
2026-02-11 21:14:40.515646,0.1540249999999999,-0.6486,0.0,0.5106,326.03,0.55,3.72,4.4,2.653312468710922,Goldilocks -> Tightening (Warning)
2026-02-11 21:14:40.515761,0.0117999999999999,-0.6486,0.0,0.5106,326.03,0.55,3.72,4.4,2.653312468710922,Goldilocks -> Tightening (Warning)
2026-02-11 21:14:40.516161,7.999999999993567e-05,-0.6486,0.0,0.5106,326.03,0.55,3.72,4.4,2.653312468710922,Goldilocks -> Tightening (Warning)
2026-02-11 21:14:40.516271,-0.03578,-0.6486,0.0,0.5106,326.03,0.55,3.72,4.4,2.653312468710922,Goldilocks -> Tightening (Warning)
2026-02-11 21:14:40.516363,-0.03578,-0.6486,0.0,0.5106,326.03,0.55,3.72,4.4,2.653312468710922,Goldilocks -> Tightening (Warning)
2026-02-11 21:14:40.516827,-0.3233,-0.6486,0.0,0.5106,326.03,0.55,3.72,4.4,2.653312468710922,Goldilocks -> Tightening (Warning)
2026-02-11 21:14:40.516961,-0.13964,-0.6486,0.0,0.5106,326.03,0.55,3.72,4.4,2.653312468710922,Goldilocks -> Tightening (Warning)
2026-02-11 21:14:40.517082,-0.29438,-0.6486,0.0,0.5106,326.03,0.55,3.72,4.4,2.653312468710922,Goldilocks -> Tightening (Warning)
2026-02-11 21:14:40.517211,-0.18644,-0.6486,0.0,0.5106,326.03,0.55,3.72,4.4,2.653312468710922,Goldilocks -> Tightening (Warning)
2026-02-11 21:14:40.517398,-0.02746,-0.6486,0.0,0.5106,326.03,0.55,3.72,4.4,2.653312468710922,Goldilocks -> Tightening (Warning)
2026-02-11 21:14:40.517705,0.3582599999999999,-0.6486,0.0,0.5106,326.03,0.55,3.72,4.4,2.653312468710922,Goldilocks -> Tightening (Warning)
2026-02-11 21:24:46.011822,0.3575249999999999,-0.6486,0.0,0.6124,326.03,0.55,3.72,4.4,2.653312468710922,Goldilocks -> Tightening (Warning)
2026-02-11 21:24:46.011966,0.6073333333333332,-0.6486,0.0,0.7295,326.03,0.55,3.72,4.4,2.653312468710922,Goldilocks -> Tightening (Warning)
2026-02-11 21:24:46.012032,0.7307999999999999,-0.6486,0.0,0.4863333333333333,326.03,0.55,3.72,4.4,2.653312468710922,Goldilocks -> Tightening (Warning)
2026-02-11 21:24:46.012333,0.9849,-0.6486,0.0,0.168625,326.03,0.55,3.72,4.4,2.653312468710922,Goldilocks -> Tightening (Warning)
2026-02-11 21:24:46.012636,0.9849,-0.6486,0.0,-0.0488199999999999,326.03,0.55,3.72,4.4,2.653312468710922,Goldilocks -> Tightening (Warning)
2026-02-11 21:24:46.012708,0.9849,-0.6486,0.0,-0.0909199999999999,326.03,0.55,3.72,4.4,2.653312468710922,Goldilocks -> Tightening (Warning)
2026-02-11 21:24:46.012894,0.9849,-0.6486,0.0,-0.1487599999999999,326.03,0.55,3.72,4.4,2.653312468710922,Goldilocks -> Tightening (Warning)
2026-02-11 21:24:46.013074,0.9849,-0.6486,0.0,-0.0050799999999999,326.03,0.55,3.72,4.4,2.653312468710922,Goldilocks -> Tightening (Warning)
2026-02-11 21:24:46.013157,0.9849,-0.6486,0.0,0.15182,326.03,0.55,3.72,4.4,2.653312468710922,Goldilocks -> Tightening (Warning)
2026-02-11 21:24:46.013465,0.9849,-0.6486,0.0,0.2577,326.03,0.55,3.72,4.4,2.653312468710922,Goldilocks -> Tightening (Warning)
2026-02-11 21:24:46.013712,0.9849,-0.6486,0.0,0.26908,326.03,0.55,3.72,4.4,2.653312468710922,Goldilocks -> Tightening (Warning)
2026-02-11 21:24:46.013864,0.9849,-0.6486,0.0,0.0896,326.03,0.55,3.72,4.4,2.653312468710922,Goldilocks -> Tightening (Warning)
2026-02-11 21:24:46.014221,0.9849,-0.6486,0.0,-0.1154999999999999,326.03,0.55,3.72,4.4,2.653312468710922,Goldilocks -> Tightening (Warning)
2026-02-11 21:24:46.014328,0.9849,-0.6486,0.0,0.00168,326.03,0.55,3.72,4.4,2.653312468710922,Goldilocks -> Tightening (Warning)
2026-02-11 21:24:46.014440,0.9849,-0.6486,0.0,0.18164,326.03,0.55,3.72,4.4,2.653312468710922,Goldilocks -> Tightening (Warning)
2026-02-11 21:24:46.140128,0.9849,0.891,0.0,0.11235,326.03,0.55,3.72,4.4,2.653312468710922,Goldilocks -> Tightening (Warning)
2026-02-11 21:24:46.140321,0.9849,0.54665,0.0,0.2631333333333334,326.03,0.55,3.72,4.4,2.653312468710922,Goldilocks -> Tightening (Warning)
2026-02-11 21:24:46.140437,0.9849,0.3046666666666667,0.0,0.5482500000000001,326.03,0.55,3.72,4.4,2.653312468710922,Goldilocks -> Tightening (Warning)
2026-02-11 21:24:46.140607,0.9849,0.35375,0.0,0.5106,326.03,0.55,3.72,4.4,2.653312468710922,Goldilocks -> Tightening (Warning)
2026-02-11 21:24:46.140734,0.9849,0.2046199999999999,0.0,0.5106,326.03,0.55,3.72,4.4,2.653312468710922,Goldilocks -> Tightening (Warning)
2026-02-11 21:24:46.140967,0.9849,0.062,0.0,0.5106,326.03,0.55,3.72,4.4,2.653312468710922,Goldilocks -> Tightening (Warning)
2026-02-11 21:24:46.141058,0.9849,-0.06654,0.0,0.5106,326.03,0.55,3.72,4.4,2.653312468710922,Goldilocks -> Tightening (Warning)
2026-02-11 21:24:46.141233,0.9849,-0.20446,0.0,0.5106,326.03,0.55,3.72,4.4,2.653312468710922,Goldilocks -> Tightening (Warning)
2026-02-11 21:24:46.141448,0.9849,-0.1255199999999999,0.0,0.5106,326.03,0.55,3.72,4.4,2.653312468710922,Goldilocks -> Tightening (Warning)
2026-02-11 21:24:46.141631,0.9849,0.10576,0.0,0.5106,326.03,0.55,3.72,4.4,2.653312468710922,Goldilocks -> Tightening (Warning)
2026-02-11 21:24:46.141695,0.9849,0.11544,0.0,0.5106,326.03,0.55,3.72,4.4,2.653312468710922,Goldilocks -> Tightening (Warning)
2026-02-11 21:24:46.141833,0.9849,0.0205,0.0,0.5106,326.03,0.55,3.72,4.4,2.653312468710922,Goldilocks -> Tightening (Warning)
2026-02-11 21:24:46.141998,0.9849,0.12628,0.0,0.5106,326.03,0.55,3.72,4.4,2.653312468710922,Goldilocks -> Tightening (Warning)
2026-02-11 21:24:46.142074,0.9849,-0.13716,0.0,0.5106,326.03,0.55,3.72,4.4,2.653312468710922,Goldilocks -> Tightening (Warning)
2026-02-11 21:24:46.142157,0.9849,-0.41978,0.0,0.5106,326.03,0.55,3.72,4.4,2.653312468710922,Goldilocks -> Tightening (Warning)
2026-02-11 21:24:46.297163,0.9849,-0.5813,0.0,0.5106,326.03,0.55,3.72,4.4,2.653312468710922,Goldilocks -> Tightening (Warning)
2026-02-11 21:24:46.297290,0.9849,-0.4700333333333333,0.0513499999999998,0.5106,326.03,0.55,3.72,4.4,2.653312468710922,Goldilocks -> Tightening (Warning)
2026-02-11 21:24:46.297406,0.9849,-0.5350499999999999,-0.0644333333333334,0.5106,326.03,0.55,3.72,4.4,2.653312468710922,Goldilocks -> Tightening (Warning)
2026-02-11 21:24:46.297575,0.9849,-0.6486,-0.257325,0.5106,326.03,0.55,3.72,4.4,2.653312468710922,Goldilocks -> Tightening (Warning)
2026-02-11 21:24:46.297685,0.9849,-0.6486,-0.10708,0.5106,326.03,0.55,3.72,4.4,2.653312468710922,Goldilocks -> Tightening (Warning)
2026-02-11 21:24:46.297772,0.9849,-0.6486,-0.18746,0.5106,326.03,0.55,3.72,4.4,2.653312468710922,Goldilocks -> Tightening (Warning)
2026-02-11 21:24:46.297886,0.9849,-0.6486,-0.28838,0.5106,326.03,0.55,3.72,4.4,2.653312468710922,Goldilocks -> Tightening (Warning)
2026-02-11 21:24:46.297993,0.9849,-0.6486,-0.30956,0.5106,326.03,0.55,3.72,4.4,2.653312468710922,Goldilocks -> Tightening (Warning)
2026-02-11 21:24:46.298178,0.9849,-0.6486,-0.0062,0.5106,326.03,0.55,3.72,4.4,2.653312468710922,Goldilocks -> Tightening (Warning)
2026-02-11 21:24:46.298260,0.9849,-0.6486,-0.10498,0.5106,326.03,0.55,3.72,4.4,2.653312468710922,Goldilocks -> Tightening (Warning)
2026-02-11 21:24:46.298402,0.9849,-0.6486,0.1608799999999999,0.5106,326.03,0.55,3.72,4.4,2.653312468710922,Goldilocks -> Tightening (Warning)
2026-02-11 21:24:46.298539,0.9849,-0.6486,0.3527399999999999,0.5106,326.03,0.55,3.72,4.4,2.653312468710922,Goldilocks -> Tightening (Warning)
2026-02-11 21:24:46.298749,0.9849,-0.6486,0.6024599999999999,0.5106,326.03,0.55,3.72,4.4,2.653312468710922,Goldilocks -> Tightening (Warning)
2026-02-11 21:24:46.298825,0.9849,-0.6486,0.4662999999999998,0.5106,326.03,0.55,3.72,4.4,2.653312468710922,Goldilocks -> Tightening (Warning)
2026-02-11 21:24:46.298893,0.9849,-0.6486,0.4662999999999998,0.5106,326.03,0.55,3.72,4.4,2.653312468710922,Goldilocks -> Tightening (Warning)
2026-02-11 21:24:46.428633,0.25,-0.6486,0.3510249999999998,0.5106,326.03,0.55,3.72,4.4,2.653312468710922,Goldilocks -> Tightening (Warning)
2026-02-11 21:24:46.428784,-0.1044000000000001,-0.6486,0.2822333333333331,0.5106,326.03,0.55,3.72,4.4,2.653312468710922,Goldilocks -> Tightening (Warning)
2026-02-11 21:24:46.429004,-0.3640666666666667,-0.6486,0.0,0.5106,326.03,0.55,3.72,4.4,2.653312468710922,Goldilocks -> Tightening (Warning)
2026-02-11 21:24:46.429123,-0.4292750000000001,-0.6486,0.0,0.5106,326.03,0.55,3.72,4.4,2.653312468710922,Goldilocks -> Tightening (Warning)
2026-02-11 21:24:46.429197,-0.25534,-0.6486,0.0,0.5106,326.03,0.55,3.72,4.4,2.653312468710922,Goldilocks -> Tightening (Warning)
2026-02-11 21:24:46.429260,-0.30534,-0.6486,0.0,0.5106,326.03,0.55,3.72,4.4,2.653312468710922,Goldilocks -> Tightening (Warning)
2026-02-11 21:24:46.429408,-0.2772200000000001,-0.6486,0.0,0.5106,326.03,0.55,3.72,4.4,2.653312468710922,Goldilocks -> Tightening (Warning)
2026-02-11 21:24:46.429562,-0.00176,-0.6486,0.0,0.5106,326.03,0.55,3.72,4.4,2.653312468710922,Goldilocks -> Tightening (Warning)
2026-02-11 21:24:46.429683,0.0117999999999999,-0.6486,0.0,0.5106,326.03,0.55,3.72,4.4,2.653312468710922,Goldilocks -> Tightening (Warning)
2026-02-11 21:24:46.430075,7.999999999995789e-05,-0.6486,0.0,0.5106,326.03,0.55,3.72,4.4,2.653312468710922,Goldilocks -> Tightening (Warning)
2026-02-11 21:24:46.430182,-0.03578,-0.6486,0.0,0.5106,326.03,0.55,3.72,4.4,2.653312468710922,Goldilocks -> Tightening (Warning)
2026-02-11 21:24:46.430272,-0.03578,-0.6486,0.0,0.5106,326.03,0.55,3.72,4.4,2.653312468710922,Goldilocks -> Tightening (Warning)
2026-02-11 21:24:46.430683,-0.3233,-0.6486,0.0,0.5106,326.03,0.55,3.72,4.4,2.653312468710922,Goldilocks -> Tightening (Warning)
2026-02-11 21:24:46.430807,-0.13964,-0.6486,0.0,0.5106,326.03,0.55,3.72,4.4,2.653312468710922,Goldilocks -> Tightening (Warning)
2026-02-11 21:41:39.356260,-0.27,-0.6486,0.0,0.6124,326.03,0.55,3.72,4.4,2.653312468710922,Goldilocks -> Tightening (Warning)
2026-02-11 21:41:39.356461,-0.3002333333333333,-0.6486,0.0,0.7295,326.03,0.55,3.72,4.4,2.653312468710922,Goldilocks -> Tightening (Warning)
2026-02-11 21:41:39.356545,-0.29125,-0.6486,0.0,0.4863333333333333,326.03,0.55,3.72,4.4,2.653312468710922,Goldilocks -> Tightening (Warning)
2026-02-11 21:41:39.356931,0.3612,-0.6486,0.0,0.168625,326.03,0.55,3.72,4.4,2.653312468710922,Goldilocks -> Tightening (Warning)
2026-02-11 21:41:39.357315,0.3612,-0.6486,0.0,-0.0488199999999999,326.03,0.55,3.72,4.4,2.653312468710922,Goldilocks -> Tightening (Warning)
2026-02-11 21:41:39.357399,0.3612,-0.6486,0.0,-0.0909199999999999,326.03,0.55,3.72,4.4,2.653312468710922,Goldilocks -> Tightening (Warning)
2026-02-11 21:41:39.357614,0.3612,-0.6486,0.0,-0.1487599999999999,326.03,0.55,3.72,4.4,2.653312468710922,Goldilocks -> Tightening (Warning)
2026-02-11 21:41:39.357811,0.3612,-0.6486,0.0,-0.0050799999999999,326.03,0.55,3.72,4.4,2.653312468710922,Goldilocks -> Tightening (Warning)
2026-02-11 21:41:39.357899,0.3612,-0.6486,0.0,0.15182,326.03,0.55,3.72,4.4,2.653312468710922,Goldilocks -> Tightening (Warning)
2026-02-11 21:41:39.358210,0.3612,-0.6486,0.0,0.2577,326.03,0.55,3.72,4.4,2.653312468710922,Goldilocks -> Tightening (Warning)
2026-02-11 21:41:39.358461,0.3612,-0.6486,0.0,0.26908,326.03,0.55,3.72,4.4,2.653312468710922,Goldilocks -> Tightening (Warning)
2026-02-11 21:41:39.358617,0.3612,-0.6486,0.0,0.0896,326.03,0.55,3.72,4.4,2.653312468710922,Goldilocks -> Tightening (Warning)
2026-02-11 21:41:39.358980,0.3612,-0.6486,0.0,-0.1154999999999999,326.03,0.55,3.72,4.4,2.653312468710922,Goldilocks -> Tightening (Warning)
2026-02-11 21:41:39.359088,0.3612,-0.6486,0.0,0.00168,326.03,0.55,3.72,4.4,2.653312468710922,Goldilocks -> Tightening (Warning)
2026-02-11 21:41:39.359204,0.3612,-0.6486,0.0,0.18164,326.03,0.55,3.72,4.4,2.653312468710922,Goldilocks -> Tightening (Warning)
2026-02-11 21:41:39.522816,0.3612,0.0,0.0,0.11235,326.03,0.55,3.72,4.4,2.653312468710922,Goldilocks -> Tightening (Warning)
2026-02-11 21:41:39.523085,0.3612,0.4455,0.0,0.2631333333333334,326.03,0.55,3.72,4.4,2.653312468710922,Goldilocks -> Tightening (Warning)
2026-02-11 21:41:39.523320,0.3612,0.3644333333333333,0.0,0.5482500000000001,326.03,0.55,3.72,4.4,2.653312468710922,Goldilocks -> Tightening (Warning)
2026-02-11 21:41:39.523459,0.3612,0.2285,0.0,0.5106,326.03,0.55,3.72,4.4,2.653312468710922,Goldilocks -> Tightening (Warning)
2026-02-11 21:41:39.523645,0.3612,0.283,0.0,0.5106,326.03,0.55,3.72,4.4,2.653312468710922,Goldilocks -> Tightening (Warning)
2026-02-11 21:41:39.523788,0.3612,0.2046199999999999,0.0,0.5106,326.03,0.55,3.72,4.4,2.653312468710922,Goldilocks -> Tightening (Warning)
2026-02-11 21:41:39.524103,0.3612,0.062,0.0,0.5106,326.03,0.55,3.72,4.4,2.653312468710922,Goldilocks -> Tightening (Warning)
2026-02-11 21:41:39.524203,0.3612,-0.06654,0.0,0.5106,326.03,0.55,3.72,4.4,2.653312468710922,Goldilocks -> Tightening (Warning)
2026-02-11 21:41:39.524406,0.3612,-0.20446,0.0,0.5106,326.03,0.55,3.72,4.4,2.653312468710922,Goldilocks -> Tightening (Warning)
2026-02-11 21:41:39.524637,0.3612,-0.1255199999999999,0.0,0.5106,326.03,0.55,3.72,4.4,2.653312468710922,Goldilocks -> Tightening (Warning)
2026-02-11 21:41:39.524822,0.3612,0.10576,0.0,0.5106,326.03,0.55,3.72,4.4,2.653312468710922,Goldilocks -> Tightening (Warning)
2026-02-11 21:41:39.524887,0.3612,0.11544,0.0,0.5106,326.03,0.55,3.72,4.4,2.653312468710922,Goldilocks -> Tightening (Warning)
2026-02-11 21:41:39.525025,0.3612,0.0205,0.0,0.5106,326.03,0.55,3.72,4.4,2.653312468710922,Goldilocks -> Tightening (Warning)
2026-02-11 21:41:39.525187,0.3612,0.12628,0.0,0.5106,326.03,0.55,3.72,4.4,2.653312468710922,Goldilocks -> Tightening (Warning)
2026-02-11 21:41:39.525262,0.3612,-0.13716,0.0,0.5106,326.03,0.55,3.72,4.4,2.653312468710922,Goldilocks -> Tightening (Warning)
2026-02-11 21:41:39.742461,0.3612,-0.362575,0.0,0.5106,326.03,0.55,3.72,4.4,2.653312468710922,Goldilocks -> Tightening (Warning)
2026-02-11 21:41:39.742564,0.3612,-0.5588666666666666,0.0,0.5106,326.03,0.55,3.72,4.4,2.653312468710922,Goldilocks -> Tightening (Warning)
2026-02-11 21:41:39.742702,0.3612,-0.3807499999999999,0.0342333333333331,0.5106,326.03,0.55,3.72,4.4,2.653312468710922,Goldilocks -> Tightening (Warning)
2026-02-11 21:41:39.742834,0.3612,-0.4215,-0.0483250000000001,0.5106,326.03,0.55,3.72,4.4,2.653312468710922,Goldilocks -> Tightening (Warning)
2026-02-11 21:41:39.743034,0.3612,-0.4215,-0.20586,0.5106,326.03,0.55,3.72,4.4,2.653312468710922,Goldilocks -> Tightening (Warning)
2026-02-11 21:41:39.743137,0.3612,-0.4215,-0.10708,0.5106,326.03,0.55,3.72,4.4,2.653312468710922,Goldilocks -> Tightening (Warning)
2026-02-11 21:41:39.743238,0.3612,-0.4215,-0.1874600000000001,0.5106,326.03,0.55,3.72,4.4,2.653312468710922,Goldilocks -> Tightening (Warning)
2026-02-11 21:41:39.743377,0.3612,-0.4215,-0.2883800000000001,0.5106,326.03,0.55,3.72,4.4,2.653312468710922,Goldilocks -> Tightening (Warning)
2026-02-11 21:41:39.743489,0.3612,-0.4215,-0.30956,0.5106,326.03,0.55,3.72,4.4,2.653312468710922,Goldilocks -> Tightening (Warning)
2026-02-11 21:41:39.743679,0.3612,-0.4215,-0.0062000000000001,0.5106,326.03,0.55,3.72,4.4,2.653312468710922,Goldilocks -> Tightening (Warning)
2026-02-11 21:41:39.743763,0.3612,-0.4215,-0.1049800000000001,0.5106,326.03,0.55,3.72,4.4,2.653312468710922,Goldilocks -> Tightening (Warning)
2026-02-11 21:41:39.743913,0.3612,-0.4215,0.1608799999999998,0.5106,326.03,0.55,3.72,4.4,2.653312468710922,Goldilocks -> Tightening (Warning)
2026-02-11 21:41:39.744060,0.3612,-0.4215,0.3527399999999998,0.5106,326.03,0.55,3.72,4.4,2.653312468710922,Goldilocks -> Tightening (Warning)
2026-02-11 21:41:39.744264,0.3612,-0.4215,0.6024599999999999,0.5106,326.03,0.55,3.72,4.4,2.653312468710922,Goldilocks -> Tightening (Warning)
2026-02-11 21:41:39.744354,0.3612,-0.4215,0.4662999999999998,0.5106,326.03,0.55,3.72,4.4,2.653312468710922,Goldilocks -> Tightening (Warning)
2026-02-11 21:41:40.083766,0.6486,-0.4215,0.5828749999999998,0.5106,326.03,0.55,3.72,4.4,2.653312468710922,Goldilocks -> Tightening (Warning)
2026-02-11 21:41:40.083832,0.3242999999999999,-0.4215,0.4680333333333331,0.5106,326.03,0.55,3.72,4.4,2.653312468710922,Goldilocks -> Tightening (Warning)
2026-02-11 21:41:40.083910,0.2995333333333332,-0.4215,0.4233499999999997,0.5106,326.03,0.55,3.72,4.4,2.653312468710922,Goldilocks -> Tightening (Warning)
2026-02-11 21:41:40.084071,0.1099499999999999,-0.4215,0.0,0.5106,326.03,0.55,3.72,4.4,2.653312468710922,Goldilocks -> Tightening (Warning)
2026-02-11 21:41:40.084333,-0.08872,-0.4215,0.0,0.5106,326.03,0.55,3.72,4.4,2.653312468710922,Goldilocks -> Tightening (Warning)
2026-02-11 21:41:40.084466,-0.34342,-0.4215,0.0,0.5106,326.03,0.55,3.72,4.4,2.653312468710922,Goldilocks -> Tightening (Warning)
2026-02-11 21:41:40.084548,-0.25534,-0.4215,0.0,0.5106,326.03,0.55,3.72,4.4,2.653312468710922,Goldilocks -> Tightening (Warning)
2026-02-11 21:41:40.084615,-0.30534,-0.4215,0.0,0.5106,326.03,0.55,3.72,4.4,2.653312468710922,Goldilocks -> Tightening (Warning)
2026-02-11 21:41:40.084777,-0.2772199999999999,-0.4215,0.0,0.5106,326.03,0.55,3.72,4.4,2.653312468710922,Goldilocks -> Tightening (Warning)
2026-02-11 21:41:40.084953,-0.00176,-0.4215,0.0,0.5106,326.03,0.55,3.72,4.4,2.653312468710922,Goldilocks -> Tightening (Warning)
2026-02-11 21:41:40.085059,0.0117999999999999,-0.4215,0.0,0.5106,326.03,0.55,3.72,4.4,2.653312468710922,Goldilocks -> Tightening (Warning)
2026-02-11 21:41:40.085456,7.999999999995789e-05,-0.4215,0.0,0.5106,326.03,0.55,3.72,4.4,2.653312468710922,Goldilocks -> Tightening (Warning)
2026-02-11 21:41:40.085562,-0.03578,-0.4215,0.0,0.5106,326.03,0.55,3.72,4.4,2.653312468710922,Goldilocks -> Tightening (Warning)
2026-02-11 21:41:40.085652,-0.03578,-0.4215,0.0,0.5106,326.03,0.55,3.72,4.4,2.653312468710922,Goldilocks -> Tightening (Warning)
2026-02-11 22:22:05.263745,-0.1682,-0.4215,0.0,0.6124,326.03,0.55,3.72,4.4,2.653312468710922,Goldilocks -> Tightening (Warning)
2026-02-11 22:22:05.263927,-0.0385666666666667,-0.4215,0.0,0.7295,326.03,0.55,3.72,4.4,2.653312468710922,Goldilocks -> Tightening (Warning)
2026-02-11 22:22:05.264027,-0.24875,-0.4215,0.0,0.4863333333333333,326.03,0.55,3.72,4.4,2.653312468710922,Goldilocks -> Tightening (Warning)
2026-02-11 22:22:05.264424,-0.3182,-0.4215,0.0,0.168625,326.03,0.55,3.72,4.4,2.653312468710922,Goldilocks -> Tightening (Warning)
2026-02-11 22:22:05.264809,-0.3182,-0.4215,0.0,-0.0488199999999999,326.03,0.55,3.72,4.4,2.653312468710922,Goldilocks -> Tightening (Warning)
2026-02-11 22:22:05.264910,-0.3182,-0.4215,0.0,-0.0909199999999999,326.03,0.55,3.72,4.4,2.653312468710922,Goldilocks -> Tightening (Warning)
2026-02-11 22:22:05.265122,-0.3182,-0.4215,0.0,-0.1487599999999999,326.03,0.55,3.72,4.4,2.653312468710922,Goldilocks -> Tightening (Warning)
2026-02-11 22:22:05.265312,-0.3182,-0.4215,0.0,-0.0050799999999999,326.03,0.55,3.72,4.4,2.653312468710922,Goldilocks -> Tightening (Warning)
2026-02-11 22:22:05.265398,-0.3182,-0.4215,0.0,0.15182,326.03,0.55,3.72,4.4,2.653312468710922,Goldilocks -> Tightening (Warning)
2026-02-11 22:22:05.265714,-0.3182,-0.4215,0.0,0.2577,326.03,0.55,3.72,4.4,2.653312468710922,Goldilocks -> Tightening (Warning)
2026-02-11 22:22:05.265952,-0.3182,-0.4215,0.0,0.26908,326.03,0.55,3.72,4.4,2.653312468710922,Goldilocks -> Tightening (Warning)
2026-02-11 22:22:05.266120,-0.3182,-0.4215,0.0,0.0896,326.03,0.55,3.72,4.4,2.653312468710922,Goldilocks -> Tightening (Warning)
2026-02-11 22:22:05.266487,-0.3182,-0.4215,0.0,-0.1154999999999999,326.03,0.55,3.72,4.4,2.653312468710922,Goldilocks -> Tightening (Warning)
2026-02-11 22:22:05.266596,-0.3182,-0.4215,0.0,0.00168,326.03,0.55,3.72,4.4,2.653312468710922,Goldilocks -> Tightening (Warning)
2026-02-11 22:22:05.266713,-0.3182,-0.4215,0.0,0.18164,326.03,0.55,3.72,4.4,2.653312468710922,Goldilocks -> Tightening (Warning)
2026-02-11 22:22:05.397452,-0.3182,-0.2479,0.0,0.11235,326.03,0.55,3.72,4.4,2.653312468710922,Goldilocks -> Tightening (Warning)
2026-02-11 22:22:05.397520,-0.3182,-0.1239499999999999,0.0,0.2631333333333334,326.03,0.55,3.72,4.4,2.653312468710922,Goldilocks -> Tightening (Warning)
2026-02-11 22:22:05.397744,-0.3182,0.2143666666666667,0.0,0.5482500000000001,326.03,0.55,3.72,4.4,2.653312468710922,Goldilocks -> Tightening (Warning)
2026-02-11 22:22:05.397947,-0.3182,0.21135,0.0,0.5106,326.03,0.55,3.72,4.4,2.653312468710922,Goldilocks -> Tightening (Warning)
2026-02-11 22:22:05.398112,-0.3182,0.13322,0.0,0.5106,326.03,0.55,3.72,4.4,2.653312468710922,Goldilocks -> Tightening (Warning)
2026-02-11 22:22:05.398274,-0.3182,0.283,0.0,0.5106,326.03,0.55,3.72,4.4,2.653312468710922,Goldilocks -> Tightening (Warning)
2026-02-11 22:22:05.398392,-0.3182,0.20462,0.0,0.5106,326.03,0.55,3.72,4.4,2.653312468710922,Goldilocks -> Tightening (Warning)
2026-02-11 22:22:05.398628,-0.3182,0.062,0.0,0.5106,326.03,0.55,3.72,4.4,2.653312468710922,Goldilocks -> Tightening (Warning)
2026-02-11 22:22:05.398719,-0.3182,-0.0665399999999999,0.0,0.5106,326.03,0.55,3.72,4.4,2.653312468710922,Goldilocks -> Tightening (Warning)
2026-02-11 22:22:05.398892,-0.3182,-0.20446,0.0,0.5106,326.03,0.55,3.72,4.4,2.653312468710922,Goldilocks -> Tightening (Warning)
2026-02-11 22:22:05.399121,-0.3182,-0.1255199999999999,0.0,0.5106,326.03,0.55,3.72,4.4,2.653312468710922,Goldilocks -> Tightening (Warning)
2026-02-11 22:22:05.399294,-0.3182,0.10576,0.0,0.5106,326.03,0.55,3.72,4.4,2.653312468710922,Goldilocks -> Tightening (Warning)
2026-02-11 22:22:05.399356,-0.3182,0.11544,0.0,0.5106,326.03,0.55,3.72,4.4,2.653312468710922,Goldilocks -> Tightening (Warning)
2026-02-11 22:22:05.399490,-0.3182,0.0205,0.0,0.5106,326.03,0.55,3.72,4.4,2.653312468710922,Goldilocks -> Tightening (Warning)
2026-02-11 22:22:05.532197,-0.3182,0.24285,0.0,0.5106,326.03,0.55,3.72,4.4,2.653312468710922,Goldilocks -> Tightening (Warning)
2026-02-11 22:22:05.532312,-0.3182,0.0252333333333333,0.0,0.5106,326.03,0.55,3.72,4.4,2.653312468710922,Goldilocks -> Tightening (Warning)
2026-02-11 22:22:05.532464,-0.3182,-0.3443999999999999,0.0342333333333331,0.5106,326.03,0.55,3.72,4.4,2.653312468710922,Goldilocks -> Tightening (Warning)
2026-02-11 22:22:05.532591,-0.3182,-0.9151,-0.0483250000000001,0.5106,326.03,0.55,3.72,4.4,2.653312468710922,Goldilocks -> Tightening (Warning)
2026-02-11 22:22:05.532774,-0.3182,-0.9151,-0.2058600000000001,0.5106,326.03,0.55,3.72,4.4,2.653312468710922,Goldilocks -> Tightening (Warning)
2026-02-11 22:22:05.532872,-0.3182,-0.9151,-0.1070800000000001,0.5106,326.03,0.55,3.72,4.4,2.653312468710922,Goldilocks -> Tightening (Warning)
2026-02-11 22:22:05.532967,-0.3182,-0.9151,-0.1874600000000001,0.5106,326.03,0.55,3.72,4.4,2.653312468710922,Goldilocks -> Tightening (Warning)
2026-02-11 22:22:05.533111,-0.3182,-0.9151,-0.2883800000000001,0.5106,326.03,0.55,3.72,4.4,2.653312468710922,Goldilocks -> Tightening (Warning)
2026-02-11 22:22:05.533233,-0.3182,-0.9151,-0.3095600000000001,0.5106,326.03,0.55,3.72,4.4,2.653312468710922,Goldilocks -> Tightening (Warning)
2026-02-11 22:22:05.533437,-0.3182,-0.9151,-0.0062000000000001,0.5106,326.03,0.55,3.72,4.4,2.653312468710922,Goldilocks -> Tightening (Warning)
2026-02-11 22:22:05.533523,-0.3182,-0.9151,-0.1049800000000001,0.5106,326.03,0.55,3.72,4.4,2.653312468710922,Goldilocks -> Tightening (Warning)
2026-02-11 22:22:05.533671,-0.3182,-0.9151,0.1608799999999998,0.5106,326.03,0.55,3.72,4.4,2.653312468710922,Goldilocks -> Tightening (Warning)
2026-02-11 22:22:05.533811,-0.3182,-0.9151,0.3527399999999998,0.5106,326.03,0.55,3.72,4.4,2.653312468710922,Goldilocks -> Tightening (Warning)
2026-02-11 22:22:05.534023,-0.3182,-0.9151,0.6024599999999998,0.5106,326.03,0.55,3.72,4.4,2.653312468710922,Goldilocks -> Tightening (Warning)
2026-02-11 22:22:05.534103,-0.3182,-0.9151,0.4662999999999998,0.5106,326.03,0.55,3.72,4.4,2.653312468710922,Goldilocks -> Tightening (Warning)
2026-02-11 22:22:05.705398,-0.6597,-0.9151,0.5828749999999998,0.5106,326.03,0.55,3.72,4.4,2.653312468710922,Goldilocks -> Tightening (Warning)
2026-02-11 22:22:05.705549,-0.3812,-0.9151,0.468033333333333,0.5106,326.03,0.55,3.72,4.4,2.653312468710922,Goldilocks -> Tightening (Warning)
2026-02-11 22:22:05.705879,0.0653333333333333,-0.9151,0.4233499999999995,0.5106,326.03,0.55,3.72,4.4,2.653312468710922,Goldilocks -> Tightening (Warning)
2026-02-11 22:22:05.706114,0.1055749999999999,-0.9151,0.0,0.5106,326.03,0.55,3.72,4.4,2.653312468710922,Goldilocks -> Tightening (Warning)
2026-02-11 22:22:05.706254,-0.05922,-0.9151,0.0,0.5106,326.03,0.55,3.72,4.4,2.653312468710922,Goldilocks -> Tightening (Warning)
2026-02-11 22:22:05.706359,-0.02262,-0.9151,0.0,0.5106,326.03,0.55,3.72,4.4,2.653312468710922,Goldilocks -> Tightening (Warning)
2026-02-11 22:22:05.706448,0.0235199999999999,-0.9151,0.0,0.5106,326.03,0.55,3.72,4.4,2.653312468710922,Goldilocks -> Tightening (Warning)
2026-02-11 22:22:05.706573,-0.34152,-0.9151,0.0,0.5106,326.03,0.55,3.72,4.4,2.653312468710922,Goldilocks -> Tightening (Warning)
2026-02-11 22:22:05.706622,-0.2594,-0.9151,0.0,0.5106,326.03,0.55,3.72,4.4,2.653312468710922,Goldilocks -> Tightening (Warning)
2026-02-11 22:22:05.706738,-0.25388,-0.9151,0.0,0.5106,326.03,0.55,3.72,4.4,2.653312468710922,Goldilocks -> Tightening (Warning)
2026-02-11 22:22:05.706782,-0.15854,-0.9151,0.0,0.5106,326.03,0.55,3.72,4.4,2.653312468710922,Goldilocks -> Tightening (Warning)
2026-02-11 22:22:05.706822,-0.18414,-0.9151,0.0,0.5106,326.03,0.55,3.72,4.4,2.653312468710922,Goldilocks -> Tightening (Warning)
2026-02-11 22:22:05.706927,0.1189399999999999,-0.9151,0.0,0.5106,326.03,0.55,3.72,4.4,2.653312468710922,Goldilocks -> Tightening (Warning)
2026-02-11 22:22:05.706966,-0.00844,-0.9151,0.0,0.5106,326.03,0.55,3.72,4.4,2.653312468710922,Goldilocks -> Tightening (Warning)
2026-02-11 23:21:27.529827,0.1621499999999999,-0.9151,0.0,0.6124,326.03,0.55,3.72,4.4,2.653312468710922,Goldilocks -> Tightening (Warning)
2026-02-11 23:21:27.529967,0.2161999999999999,-0.9151,0.0,0.7295,326.03,0.55,3.72,4.4,2.653312468710922,Goldilocks -> Tightening (Warning)
2026-02-11 23:21:27.530028,0.3242999999999998,-0.9151,0.0,0.4863333333333333,326.03,0.55,3.72,4.4,2.653312468710922,Goldilocks -> Tightening (Warning)
2026-02-11 23:21:27.530333,0.0,-0.9151,0.0,0.168625,326.03,0.55,3.72,4.4,2.653312468710922,Goldilocks -> Tightening (Warning)
2026-02-11 23:21:27.530614,0.0,-0.9151,0.0,-0.0488199999999999,326.03,0.55,3.72,4.4,2.653312468710922,Goldilocks -> Tightening (Warning)
2026-02-11 23:21:27.530683,0.0,-0.9151,0.0,-0.0909199999999999,326.03,0.55,3.72,4.4,2.653312468710922,Goldilocks -> Tightening (Warning)
2026-02-11 23:21:27.530872,0.0,-0.9151,0.0,-0.1487599999999999,326.03,0.55,3.72,4.4,2.653312468710922,Goldilocks -> Tightening (Warning)
2026-02-11 23:21:27.531052,0.0,-0.9151,0.0,-0.0050799999999999,326.03,0.55,3.72,4.4,2.653312468710922,Goldilocks -> Tightening (Warning)
2026-02-11 23:21:27.531135,0.0,-0.9151,0.0,0.15182,326.03,0.55,3.72,4.4,2.653312468710922,Goldilocks -> Tightening (Warning)
2026-02-11 23:21:27.531456,0.0,-0.9151,0.0,0.2577,326.03,0.55,3.72,4.4,2.653312468710922,Goldilocks -> Tightening (Warning)
2026-02-11 23:21:27.531684,0.0,-0.9151,0.0,0.26908,326.03,0.55,3.72,4.4,2.653312468710922,Goldilocks -> Tightening (Warning)
2026-02-11 23:21:27.531829,0.0,-0.9151,0.0,0.0896,326.03,0.55,3.72,4.4,2.653312468710922,Goldilocks -> Tightening (Warning)
2026-02-11 23:21:27.532199,0.0,-0.9151,0.0,-0.1154999999999999,326.03,0.55,3.72,4.4,2.653312468710922,Goldilocks -> Tightening (Warning)
2026-02-11 23:21:27.532304,0.0,-0.9151,0.0,0.00168,326.03,0.55,3.72,4.4,2.653312468710922,Goldilocks -> Tightening (Warning)
2026-02-11 23:21:27.532415,0.0,-0.9151,0.0,0.18164,326.03,0.55,3.72,4.4,2.653312468710922,Goldilocks -> Tightening (Warning)
2026-02-11 23:21:27.673030,0.0,0.0,0.0,0.11235,326.03,0.55,3.72,4.4,2.653312468710922,Goldilocks -> Tightening (Warning)
2026-02-11 23:21:27.673199,0.0,0.1700000000000001,0.0,0.2631333333333334,326.03,0.55,3.72,4.4,2.653312468710922,Goldilocks -> Tightening (Warning)
2026-02-11 23:21:27.673364,0.0,0.0706666666666667,0.0,0.5482500000000001,326.03,0.55,3.72,4.4,2.653312468710922,Goldilocks -> Tightening (Warning)
2026-02-11 23:21:27.673464,0.0,-0.0089749999999999,0.0,0.5106,326.03,0.55,3.72,4.4,2.653312468710922,Goldilocks -> Tightening (Warning)
2026-02-11 23:21:27.673516,0.0,-0.0071799999999999,0.0,0.5106,326.03,0.55,3.72,4.4,2.653312468710922,Goldilocks -> Tightening (Warning)
2026-02-11 23:21:27.673705,0.0,0.17102,0.0,0.5106,326.03,0.55,3.72,4.4,2.653312468710922,Goldilocks -> Tightening (Warning)
2026-02-11 23:21:27.673878,0.0,0.14348,0.0,0.5106,326.03,0.55,3.72,4.4,2.653312468710922,Goldilocks -> Tightening (Warning)
2026-02-11 23:21:27.673986,0.0,0.13322,0.0,0.5106,326.03,0.55,3.72,4.4,2.653312468710922,Goldilocks -> Tightening (Warning)
2026-02-11 23:21:27.674197,0.0,0.283,0.0,0.5106,326.03,0.55,3.72,4.4,2.653312468710922,Goldilocks -> Tightening (Warning)
2026-02-11 23:21:27.674313,0.0,0.20462,0.0,0.5106,326.03,0.55,3.72,4.4,2.653312468710922,Goldilocks -> Tightening (Warning)
2026-02-11 23:21:27.674543,0.0,0.062,0.0,0.5106,326.03,0.55,3.72,4.4,2.653312468710922,Goldilocks -> Tightening (Warning)
2026-02-11 23:21:27.674630,0.0,-0.0665399999999999,0.0,0.5106,326.03,0.55,3.72,4.4,2.653312468710922,Goldilocks -> Tightening (Warning)
2026-02-11 23:21:27.674806,0.0,-0.20446,0.0,0.5106,326.03,0.55,3.72,4.4,2.653312468710922,Goldilocks -> Tightening (Warning)
2026-02-11 23:21:27.675010,0.0,-0.1255199999999999,0.0,0.5106,326.03,0.55,3.72,4.4,2.653312468710922,Goldilocks -> Tightening (Warning)
2026-02-11 23:21:27.782013,0.0,-0.0589249999999999,-0.1531,0.5106,326.03,0.55,3.72,4.4,2.653312468710922,Goldilocks -> Tightening (Warning)
2026-02-11 23:21:27.782094,0.0,-0.1378666666666666,-0.0765500000000004,0.5106,326.03,0.55,3.72,4.4,2.653312468710922,Goldilocks -> Tightening (Warning)
2026-02-11 23:21:27.782272,0.0,0.0134000000000001,-0.0852666666666669,0.5106,326.03,0.55,3.72,4.4,2.653312468710922,Goldilocks -> Tightening (Warning)
2026-02-11 23:21:27.782367,0.0,0.8957,-0.0639500000000002,0.5106,326.03,0.55,3.72,4.4,2.653312468710922,Goldilocks -> Tightening (Warning)
2026-02-11 23:21:27.782443,0.0,0.8957,-0.0511600000000001,0.5106,326.03,0.55,3.72,4.4,2.653312468710922,Goldilocks -> Tightening (Warning)
2026-02-11 23:21:27.782546,0.0,0.8957,-1.7763568394002506e-16,0.5106,326.03,0.55,3.72,4.4,2.653312468710922,Goldilocks -> Tightening (Warning)
2026-02-11 23:21:27.782652,0.0,0.8957,-0.0592000000000001,0.5106,326.03,0.55,3.72,4.4,2.653312468710922,Goldilocks -> Tightening (Warning)
2026-02-11 23:21:27.782812,0.0,0.8957,-0.2058600000000001,0.5106,326.03,0.55,3.72,4.4,2.653312468710922,Goldilocks -> Tightening (Warning)
2026-02-11 23:21:27.782897,0.0,0.8957,-0.1070800000000001,0.5106,326.03,0.55,3.72,4.4,2.653312468710922,Goldilocks -> Tightening (Warning)
2026-02-11 23:21:27.782977,0.0,0.8957,-0.1874600000000001,0.5106,326.03,0.55,3.72,4.4,2.653312468710922,Goldilocks -> Tightening (Warning)
2026-02-11 23:21:27.783082,0.0,0.8957,-0.2883800000000002,0.5106,326.03,0.55,3.72,4.4,2.653312468710922,Goldilocks -> Tightening (Warning)
2026-02-11 23:21:27.783189,0.0,0.8957,-0.3095600000000001,0.5106,326.03,0.55,3.72,4.4,2.653312468710922,Goldilocks -> Tightening (Warning)
2026-02-11 23:21:27.783366,0.0,0.8957,-0.0062000000000002,0.5106,326.03,0.55,3.72,4.4,2.653312468710922,Goldilocks -> Tightening (Warning)
2026-02-11 23:21:27.783445,0.0,0.8957,-0.1049800000000002,0.5106,326.03,0.55,3.72,4.4,2.653312468710922,Goldilocks -> Tightening (Warning)
2026-02-11 23:21:27.783585,0.0,0.8957,0.1608799999999997,0.5106,326.03,0.55,3.72,4.4,2.653312468710922,Goldilocks -> Tightening (Warning)
2026-02-11 23:21:28.042165,-0.6597,0.8957,0.3015749999999997,0.5106,326.03,0.55,3.72,4.4,2.653312468710922,Goldilocks -> Tightening (Warning)
2026-02-11 23:21:28.042293,-0.3812000000000001,0.8957,0.5360666666666662,0.5106,326.03,0.55,3.72,4.4,2.653312468710922,Goldilocks -> Tightening (Warning)
2026-02-11 23:21:28.042577,0.0653333333333332,0.8957,0.4636999999999994,0.5106,326.03,0.55,3.72,4.4,2.653312468710922,Goldilocks -> Tightening (Warning)
2026-02-11 23:21:28.042786,0.1055749999999999,0.8957,0.9274,0.5106,326.03,0.55,3.72,4.4,2.653312468710922,Goldilocks -> Tightening (Warning)
2026-02-11 23:21:28.042917,-0.05922,0.8957,0.9274,0.5106,326.03,0.55,3.72,4.4,2.653312468710922,Goldilocks -> Tightening (Warning)
2026-02-11 23:21:28.043012,-0.02262,0.8957,0.9274,0.5106,326.03,0.55,3.72,4.4,2.653312468710922,Goldilocks -> Tightening (Warning)
2026-02-11 23:21:28.043093,0.0235199999999999,0.8957,0.9274,0.5106,326.03,0.55,3.72,4.4,2.653312468710922,Goldilocks -> Tightening (Warning)
2026-02-11 23:21:28.043220,-0.34152,0.8957,0.9274,0.5106,326.03,0.55,3.72,4.4,2.653312468710922,Goldilocks -> Tightening (Warning)
2026-02-11 23:21:28.043262,-0.2594,0.8957,0.9274,0.5106,326.03,0.55,3.72,4.4,2.653312468710922,Goldilocks -> Tightening (Warning)
2026-02-11 23:21:28.043365,-0.25388,0.8957,0.9274,0.5106,326.03,0.55,3.72,4.4,2.653312468710922,Goldilocks -> Tightening (Warning)
2026-02-11 23:21:28.043408,-0.15854,0.8957,0.9274,0.5106,326.03,0.55,3.72,4.4,2.653312468710922,Goldilocks -> Tightening (Warning)
2026-02-11 23:21:28.043443,-0.18414,0.8957,0.9274,0.5106,326.03,0.55,3.72,4.4,2.653312468710922,Goldilocks -> Tightening (Warning)
2026-02-11 23:21:28.043546,0.1189399999999999,0.8957,0.9274,0.5106,326.03,0.55,3.72,4.4,2.653312468710922,Goldilocks -> Tightening (Warning)
2026-02-12 01:02:59.242137,-0.01055,0.8957,0.9274,0.1531,326.03,0.55,3.72,4.4,2.653312468710922,Goldilocks -> Tightening (Warning)
2026-02-12 01:02:59.242206,0.2161999999999998,0.8957,0.9274,0.1897,326.03,0.55,3.72,4.4,2.653312468710922,Goldilocks -> Tightening (Warning)
2026-02-12 01:02:59.242450,0.3242999999999998,0.8957,0.9274,0.3306,326.03,0.55,3.72,4.4,2.653312468710922,Goldilocks -> Tightening (Warning)
2026-02-12 01:02:59.242585,0.6486,0.8957,0.9274,0.4596,326.03,0.55,3.72,4.4,2.653312468710922,Goldilocks -> Tightening (Warning)
2026-02-12 01:02:59.242644,0.6486,0.8957,0.9274,0.36768,326.03,0.55,3.72,4.4,2.653312468710922,Goldilocks -> Tightening (Warning)
2026-02-12 01:02:59.242898,0.6486,0.8957,0.9274,0.18016,326.03,0.55,3.72,4.4,2.653312468710922,Goldilocks -> Tightening (Warning)
2026-02-12 01:02:59.243148,0.6486,0.8957,0.9274,-0.0488199999999999,326.03,0.55,3.72,4.4,2.653312468710922,Goldilocks -> Tightening (Warning)
2026-02-12 01:02:59.243214,0.6486,0.8957,0.9274,-0.0909199999999999,326.03,0.55,3.72,4.4,2.653312468710922,Goldilocks -> Tightening (Warning)
2026-02-12 01:02:59.243386,0.6486,0.8957,0.9274,-0.1487599999999999,326.03,0.55,3.72,4.4,2.653312468710922,Goldilocks -> Tightening (Warning)
2026-02-12 01:02:59.243558,0.6486,0.8957,0.9274,-0.0050799999999999,326.03,0.55,3.72,4.4,2.653312468710922,Goldilocks -> Tightening (Warning)
2026-02-12 01:02:59.243635,0.6486,0.8957,0.9274,0.15182,326.03,0.55,3.72,4.4,2.653312468710922,Goldilocks -> Tightening (Warning)
2026-02-12 01:02:59.243916,0.6486,0.8957,0.9274,0.2577,326.03,0.55,3.72,4.4,2.653312468710922,Goldilocks -> Tightening (Warning)
2026-02-12 01:02:59.244127,0.6486,0.8957,0.9274,0.26908,326.03,0.55,3.72,4.4,2.653312468710922,Goldilocks -> Tightening (Warning)
2026-02-12 01:02:59.244260,0.6486,0.8957,0.9274,0.0896,326.03,0.55,3.72,4.4,2.653312468710922,Goldilocks -> Tightening (Warning)
2026-02-12 01:02:59.244585,0.6486,0.8957,0.9274,-0.1154999999999999,326.03,0.55,3.72,4.4,2.653312468710922,Goldilocks -> Tightening (Warning)
2026-02-12 01:02:59.462398,0.6486,0.1531,0.9274,-0.1443749999999999,326.03,0.55,3.72,4.4,2.653312468710922,Goldilocks -> Tightening (Warning)
2026-02-12 01:02:59.462461,0.6486,0.1897,0.9274,-0.0627666666666665,326.03,0.55,3.72,4.4,2.653312468710922,Goldilocks -> Tightening (Warning)
2026-02-12 01:02:59.462616,0.6486,0.1933333333333333,0.9274,-0.3235499999999998,326.03,0.55,3.72,4.4,2.653312468710922,Goldilocks -> Tightening (Warning)
2026-02-12 01:02:59.462724,0.6486,-0.0080999999999999,0.9274,-0.3071,326.03,0.55,3.72,4.4,2.653312468710922,Goldilocks -> Tightening (Warning)
2026-02-12 01:02:59.462797,0.6486,0.08528,0.9274,-0.3071,326.03,0.55,3.72,4.4,2.653312468710922,Goldilocks -> Tightening (Warning)
2026-02-12 01:02:59.462841,0.6486,0.05466,0.9274,-0.3071,326.03,0.55,3.72,4.4,2.653312468710922,Goldilocks -> Tightening (Warning)
2026-02-12 01:02:59.462952,0.6486,0.0774,0.9274,-0.3071,326.03,0.55,3.72,4.4,2.653312468710922,Goldilocks -> Tightening (Warning)
2026-02-12 01:02:59.463094,0.6486,0.01168,0.9274,-0.3071,326.03,0.55,3.72,4.4,2.653312468710922,Goldilocks -> Tightening (Warning)
2026-02-12 01:02:59.463183,0.6486,0.08458,0.9274,-0.3071,326.03,0.55,3.72,4.4,2.653312468710922,Goldilocks -> Tightening (Warning)
2026-02-12 01:02:59.463227,0.6486,-0.0071799999999999,0.9274,-0.3071,326.03,0.55,3.72,4.4,2.653312468710922,Goldilocks -> Tightening (Warning)
2026-02-12 01:02:59.463400,0.6486,0.17102,0.9274,-0.3071,326.03,0.55,3.72,4.4,2.653312468710922,Goldilocks -> Tightening (Warning)
2026-02-12 01:02:59.463570,0.6486,0.14348,0.9274,-0.3071,326.03,0.55,3.72,4.4,2.653312468710922,Goldilocks -> Tightening (Warning)
2026-02-12 01:02:59.463669,0.6486,0.13322,0.9274,-0.3071,326.03,0.55,3.72,4.4,2.653312468710922,Goldilocks -> Tightening (Warning)
2026-02-12 01:02:59.463806,0.6486,0.283,0.9274,-0.3071,326.03,0.55,3.72,4.4,2.653312468710922,Goldilocks -> Tightening (Warning)
2026-02-12 01:03:04.061466,0.6486,0.35375,0.0,-0.3071,326.03,0.55,3.72,4.4,2.653312468710922,Goldilocks -> Tightening (Warning)
2026-02-12 01:03:04.061559,0.6486,0.1746666666666666,0.0,-0.3071,326.03,0.55,3.72,4.4,2.653312468710922,Goldilocks -> Tightening (Warning)
2026-02-12 01:03:04.061647,0.6486,0.16085,0.0,-0.3071,326.03,0.55,3.72,4.4,2.653312468710922,Goldilocks -> Tightening (Warning)
2026-02-12 01:03:04.061763,0.6486,0.501,-0.0320000000000002,-0.3071,326.03,0.55,3.72,4.4,2.653312468710922,Goldilocks -> Tightening (Warning)
2026-02-12 01:03:04.061828,0.6486,0.501,-0.0562200000000002,-0.3071,326.03,0.55,3.72,4.4,2.653312468710922,Goldilocks -> Tightening (Warning)
2026-02-12 01:03:04.061888,0.6486,0.501,-0.0562200000000002,-0.3071,326.03,0.55,3.72,4.4,2.653312468710922,Goldilocks -> Tightening (Warning)
2026-02-12 01:03:04.062021,0.6486,0.501,-0.0767600000000002,-0.3071,326.03,0.55,3.72,4.4,2.653312468710922,Goldilocks -> Tightening (Warning)
2026-02-12 01:03:04.062101,0.6486,0.501,-0.0767600000000002,-0.3071,326.03,0.55,3.72,4.4,2.653312468710922,Goldilocks -> Tightening (Warning)
2026-02-12 01:03:04.062166,0.6486,0.501,-0.0511600000000002,-0.3071,326.03,0.55,3.72,4.4,2.653312468710922,Goldilocks -> Tightening (Warning)
2026-02-12 01:03:04.062264,0.6486,0.501,-2.220446049250313e-16,-0.3071,326.03,0.55,3.72,4.4,2.653312468710922,Goldilocks -> Tightening (Warning)
2026-02-12 01:03:04.062362,0.6486,0.501,-0.0592000000000002,-0.3071,326.03,0.55,3.72,4.4,2.653312468710922,Goldilocks -> Tightening (Warning)
2026-02-12 01:03:04.062516,0.6486,0.501,-0.2058600000000002,-0.3071,326.03,0.55,3.72,4.4,2.653312468710922,Goldilocks -> Tightening (Warning)
2026-02-12 01:03:04.062597,0.6486,0.501,-0.1070800000000002,-0.3071,326.03,0.55,3.72,4.4,2.653312468710922,Goldilocks -> Tightening (Warning)
2026-02-12 01:03:04.062674,0.6486,0.501,-0.1874600000000002,-0.3071,326.03,0.55,3.72,4.4,2.653312468710922,Goldilocks -> Tightening (Warning)
2026-02-12 01:03:04.062772,0.6486,0.501,-0.2883800000000002,-0.3071,326.03,0.55,3.72,4.4,2.653312468710922,Goldilocks -> Tightening (Warning)
2026-02-12 01:03:04.341121,-0.7906,0.501,-0.2864750000000002,-0.3071,326.03,0.55,3.72,4.4,2.653312468710922,Goldilocks -> Tightening (Warning)
2026-02-12 01:03:04.341286,-0.1659000000000001,0.501,-0.1033000000000003,-0.3071,326.03,0.55,3.72,4.4,2.653312468710922,Goldilocks -> Tightening (Warning)
2026-02-12 01:03:04.341388,-0.0546000000000001,0.501,-0.4019,-0.3071,326.03,0.55,3.72,4.4,2.653312468710922,Goldilocks -> Tightening (Warning)
2026-02-12 01:03:04.341482,0.0385999999999999,0.501,-0.4019,-0.3071,326.03,0.55,3.72,4.4,2.653312468710922,Goldilocks -> Tightening (Warning)
2026-02-12 01:03:04.341649,0.1031199999999999,0.501,-0.4019,-0.3071,326.03,0.55,3.72,4.4,2.653312468710922,Goldilocks -> Tightening (Warning)
2026-02-12 01:03:04.341707,0.2766799999999999,0.501,-0.4019,-0.3071,326.03,0.55,3.72,4.4,2.653312468710922,Goldilocks -> Tightening (Warning)
2026-02-12 01:03:04.341864,0.1669199999999999,0.501,-0.4019,-0.3071,326.03,0.55,3.72,4.4,2.653312468710922,Goldilocks -> Tightening (Warning)
2026-02-12 01:03:04.341967,0.2213999999999999,0.501,-0.4019,-0.3071,326.03,0.55,3.72,4.4,2.653312468710922,Goldilocks -> Tightening (Warning)
2026-02-12 01:03:04.342062,0.1982199999999999,0.501,-0.4019,-0.3071,326.03,0.55,3.72,4.4,2.653312468710922,Goldilocks -> Tightening (Warning)
2026-02-12 01:03:04.342216,0.26008,0.501,-0.4019,-0.3071,326.03,0.55,3.72,4.4,2.653312468710922,Goldilocks -> Tightening (Warning)
2026-02-12 01:03:04.342406,0.1126999999999999,0.501,-0.4019,-0.3071,326.03,0.55,3.72,4.4,2.653312468710922,Goldilocks -> Tightening (Warning)
2026-02-12 01:03:04.342513,0.1101599999999999,0.501,-0.4019,-0.3071,326.03,0.55,3.72,4.4,2.653312468710922,Goldilocks -> Tightening (Warning)
2026-02-12 04:12:15.157438,0.0275999999999999,0.501,-0.4019,-0.8176,326.03,0.55,3.72,4.4,2.653312468710922,Goldilocks -> Tightening (Warning)
2026-02-12 04:12:15.157580,-0.0306333333333334,0.501,-0.4019,-0.1228499999999998,326.03,0.55,3.72,4.4,2.653312468710922,Goldilocks -> Tightening (Warning)
2026-02-12 04:12:15.157836,-0.3812000000000001,0.501,-0.4019,-0.0308666666666665,326.03,0.55,3.72,4.4,2.653312468710922,Goldilocks -> Tightening (Warning)
2026-02-12 04:12:15.157913,-0.1027,0.501,-0.4019,0.033425,326.03,0.55,3.72,4.4,2.653312468710922,Goldilocks -> Tightening (Warning)
2026-02-12 04:12:15.158169,-0.1027,0.501,-0.4019,0.14922,326.03,0.55,3.72,4.4,2.653312468710922,Goldilocks -> Tightening (Warning)
2026-02-12 04:12:15.158285,-0.1027,0.501,-0.4019,0.48206,326.03,0.55,3.72,4.4,2.653312468710922,Goldilocks -> Tightening (Warning)
2026-02-12 04:12:15.158338,-0.1027,0.501,-0.4019,0.3676800000000001,326.03,0.55,3.72,4.4,2.653312468710922,Goldilocks -> Tightening (Warning)
2026-02-12 04:12:15.158591,-0.1027,0.501,-0.4019,0.1801600000000001,326.03,0.55,3.72,4.4,2.653312468710922,Goldilocks -> Tightening (Warning)
2026-02-12 04:12:15.158842,-0.1027,0.501,-0.4019,-0.0488199999999998,326.03,0.55,3.72,4.4,2.653312468710922,Goldilocks -> Tightening (Warning)
2026-02-12 04:12:15.158915,-0.1027,0.501,-0.4019,-0.0909199999999999,326.03,0.55,3.72,4.4,2.653312468710922,Goldilocks -> Tightening (Warning)
2026-02-12 04:12:15.159085,-0.1027,0.501,-0.4019,-0.1487599999999999,326.03,0.55,3.72,4.4,2.653312468710922,Goldilocks -> Tightening (Warning)
2026-02-12 04:12:15.159248,-0.1027,0.501,-0.4019,-0.0050799999999998,326.03,0.55,3.72,4.4,2.653312468710922,Goldilocks -> Tightening (Warning)
2026-02-12 04:12:15.159326,-0.1027,0.501,-0.4019,0.1518200000000001,326.03,0.55,3.72,4.4,2.653312468710922,Goldilocks -> Tightening (Warning)
2026-02-12 04:12:15.159603,-0.1027,0.501,-0.4019,0.2577000000000001,326.03,0.55,3.72,4.4,2.653312468710922,Goldilocks -> Tightening (Warning)
2026-02-12 04:12:15.159815,-0.1027,0.501,-0.4019,0.2690800000000001,326.03,0.55,3.72,4.4,2.653312468710922,Goldilocks -> Tightening (Warning)
2026-02-12 04:12:15.522089,-0.1027,-0.4215,-0.4019,0.1970000000000001,326.03,0.55,3.72,4.4,2.653312468710922,Goldilocks -> Tightening (Warning)
2026-02-12 04:12:15.522215,-0.1027,-0.1849499999999999,-0.4019,0.0232000000000002,326.03,0.55,3.72,4.4,2.653312468710922,Goldilocks -> Tightening (Warning)
2026-02-12 04:12:15.522352,-0.1027,-0.0639999999999999,-0.4019,0.0348000000000003,326.03,0.55,3.72,4.4,2.653312468710922,Goldilocks -> Tightening (Warning)
2026-02-12 04:12:15.522462,-0.1027,-0.0286999999999999,-0.4019,0.4588,326.03,0.55,3.72,4.4,2.653312468710922,Goldilocks -> Tightening (Warning)
2026-02-12 04:12:15.522614,-0.1027,0.04928,-0.4019,0.4588,326.03,0.55,3.72,4.4,2.653312468710922,Goldilocks -> Tightening (Warning)
2026-02-12 04:12:15.522813,-0.1027,0.06994,-0.4019,0.4588,326.03,0.55,3.72,4.4,2.653312468710922,Goldilocks -> Tightening (Warning)
2026-02-12 04:12:15.523003,-0.1027,0.2487,-0.4019,0.4588,326.03,0.55,3.72,4.4,2.653312468710922,Goldilocks -> Tightening (Warning)
2026-02-12 04:12:15.523231,-0.1027,0.24374,-0.4019,0.4588,326.03,0.55,3.72,4.4,2.653312468710922,Goldilocks -> Tightening (Warning)
2026-02-12 04:12:15.523282,-0.1027,0.27356,-0.4019,0.4588,326.03,0.55,3.72,4.4,2.653312468710922,Goldilocks -> Tightening (Warning)
2026-02-12 04:12:15.523415,-0.1027,0.24144,-0.4019,0.4588,326.03,0.55,3.72,4.4,2.653312468710922,Goldilocks -> Tightening (Warning)
2026-02-12 04:12:15.523516,-0.1027,0.1826,-0.4019,0.4588,326.03,0.55,3.72,4.4,2.653312468710922,Goldilocks -> Tightening (Warning)
2026-02-12 04:12:15.523587,-0.1027,0.08528,-0.4019,0.4588,326.03,0.55,3.72,4.4,2.653312468710922,Goldilocks -> Tightening (Warning)
2026-02-12 04:12:15.523628,-0.1027,0.05466,-0.4019,0.4588,326.03,0.55,3.72,4.4,2.653312468710922,Goldilocks -> Tightening (Warning)
2026-02-12 04:12:15.523736,-0.1027,0.0774,-0.4019,0.4588,326.03,0.55,3.72,4.4,2.653312468710922,Goldilocks -> Tightening (Warning)
2026-02-12 04:12:15.523880,-0.1027,0.01168,-0.4019,0.4588,326.03,0.55,3.72,4.4,2.653312468710922,Goldilocks -> Tightening (Warning)
2026-02-12 04:12:15.727453,-0.1027,0.1677,-0.802,0.4588,326.03,0.55,3.72,4.4,2.653312468710922,Goldilocks -> Tightening (Warning)
2026-02-12 04:12:15.727627,-0.1027,0.0706666666666667,-0.0825500000000006,0.4588,326.03,0.55,3.72,4.4,2.653312468710922,Goldilocks -> Tightening (Warning)
2026-02-12 04:12:15.727736,-0.1027,0.1060000000000001,-0.0977000000000004,0.4588,326.03,0.55,3.72,4.4,2.653312468710922,Goldilocks -> Tightening (Warning)
2026-02-12 04:12:15.727785,-0.1027,-0.128,-0.0732750000000003,0.4588,326.03,0.55,3.72,4.4,2.653312468710922,Goldilocks -> Tightening (Warning)
2026-02-12 04:12:15.727875,-0.1027,-0.128,-0.0586200000000002,0.4588,326.03,0.55,3.72,4.4,2.653312468710922,Goldilocks -> Tightening (Warning)
2026-02-12 04:12:15.727949,-0.1027,-0.128,0.1017799999999997,0.4588,326.03,0.55,3.72,4.4,2.653312468710922,Goldilocks -> Tightening (Warning)
2026-02-12 04:12:15.728025,-0.1027,-0.128,-0.0256000000000002,0.4588,326.03,0.55,3.72,4.4,2.653312468710922,Goldilocks -> Tightening (Warning)
2026-02-12 04:12:15.728132,-0.1027,-0.128,-0.0256000000000002,0.4588,326.03,0.55,3.72,4.4,2.653312468710922,Goldilocks -> Tightening (Warning)
2026-02-12 04:12:15.728196,-0.1027,-0.128,-0.0562200000000002,0.4588,326.03,0.55,3.72,4.4,2.653312468710922,Goldilocks -> Tightening (Warning)
2026-02-12 04:12:15.728253,-0.1027,-0.128,-0.0562200000000002,0.4588,326.03,0.55,3.72,4.4,2.653312468710922,Goldilocks -> Tightening (Warning)
2026-02-12 04:12:15.728384,-0.1027,-0.128,-0.0767600000000002,0.4588,326.03,0.55,3.72,4.4,2.653312468710922,Goldilocks -> Tightening (Warning)
2026-02-12 04:12:15.728464,-0.1027,-0.128,-0.0767600000000002,0.4588,326.03,0.55,3.72,4.4,2.653312468710922,Goldilocks -> Tightening (Warning)
2026-02-12 04:12:15.728533,-0.1027,-0.128,-0.0511600000000002,0.4588,326.03,0.55,3.72,4.4,2.653312468710922,Goldilocks -> Tightening (Warning)
2026-02-12 04:12:15.728629,-0.1027,-0.128,-2.4424906541753446e-16,0.4588,326.03,0.55,3.72,4.4,2.653312468710922,Goldilocks -> Tightening (Warning)
2026-02-12 04:12:15.728725,-0.1027,-0.128,-0.0592000000000002,0.4588,326.03,0.55,3.72,4.4,2.653312468710922,Goldilocks -> Tightening (Warning)
2026-02-12 04:12:16.144096,-0.8176,-0.128,-0.0483250000000003,0.4588,326.03,0.55,3.72,4.4,2.653312468710922,Goldilocks -> Tightening (Warning)
2026-02-12 04:12:16.144299,-0.7863000000000002,-0.128,-0.0644333333333337,0.4588,326.03,0.55,3.72,4.4,2.653312468710922,Goldilocks -> Tightening (Warning)
2026-02-12 04:12:16.144544,-0.2404333333333334,-0.128,-0.0966500000000006,0.4588,326.03,0.55,3.72,4.4,2.653312468710922,Goldilocks -> Tightening (Warning)
2026-02-12 04:12:16.144808,0.0631749999999999,-0.128,-0.296,0.4588,326.03,0.55,3.72,4.4,2.653312468710922,Goldilocks -> Tightening (Warning)
2026-02-12 04:12:16.145043,0.1649199999999999,-0.128,-0.296,0.4588,326.03,0.55,3.72,4.4,2.653312468710922,Goldilocks -> Tightening (Warning)
2026-02-12 04:12:16.145163,0.4729799999999999,-0.128,-0.296,0.4588,326.03,0.55,3.72,4.4,2.653312468710922,Goldilocks -> Tightening (Warning)
2026-02-12 04:12:16.145288,0.8044199999999998,-0.128,-0.296,0.4588,326.03,0.55,3.72,4.4,2.653312468710922,Goldilocks -> Tightening (Warning)
2026-02-12 04:12:16.145435,0.4760399999999999,-0.128,-0.296,0.4588,326.03,0.55,3.72,4.4,2.653312468710922,Goldilocks -> Tightening (Warning)
2026-02-12 04:12:16.145584,0.3729999999999999,-0.128,-0.296,0.4588,326.03,0.55,3.72,4.4,2.653312468710922,Goldilocks -> Tightening (Warning)
2026-02-12 04:12:16.145685,0.29222,-0.128,-0.296,0.4588,326.03,0.55,3.72,4.4,2.653312468710922,Goldilocks -> Tightening (Warning)
2026-02-12 04:12:16.145775,0.2113199999999999,-0.128,-0.296,0.4588,326.03,0.55,3.72,4.4,2.653312468710922,Goldilocks -> Tightening (Warning)
2026-02-12 04:12:16.145936,0.1031199999999999,-0.128,-0.296,0.4588,326.03,0.55,3.72,4.4,2.653312468710922,Goldilocks -> Tightening (Warning)
2026-02-12 04:12:16.145996,0.2766799999999999,-0.128,-0.296,0.4588,326.03,0.55,3.72,4.4,2.653312468710922,Goldilocks -> Tightening (Warning)
2026-02-12 04:12:16.146155,0.1669199999999999,-0.128,-0.296,0.4588,326.03,0.55,3.72,4.4,2.653312468710922,Goldilocks -> Tightening (Warning)
2026-02-12 05:56:54.588559,0.1666499999999999,-0.128,-0.296,-0.8176,326.03,0.55,3.72,4.4,2.653312468710922,Goldilocks -> Tightening (Warning)
2026-02-12 05:56:54.588734,0.1161333333333332,-0.128,-0.296,-0.1228499999999997,326.03,0.55,3.72,4.4,2.653312468710922,Goldilocks -> Tightening (Warning)
2026-02-12 05:56:54.589036,-0.0064000000000001,-0.128,-0.296,-0.0308666666666664,326.03,0.55,3.72,4.4,2.653312468710922,Goldilocks -> Tightening (Warning)
2026-02-12 05:56:54.589099,-0.09,-0.128,-0.296,0.0334250000000001,326.03,0.55,3.72,4.4,2.653312468710922,Goldilocks -> Tightening (Warning)
2026-02-12 05:56:54.589359,-0.09,-0.128,-0.296,0.1492200000000001,326.03,0.55,3.72,4.4,2.653312468710922,Goldilocks -> Tightening (Warning)
2026-02-12 05:56:54.589479,-0.09,-0.128,-0.296,0.4820600000000001,326.03,0.55,3.72,4.4,2.653312468710922,Goldilocks -> Tightening (Warning)
2026-02-12 05:56:54.589534,-0.09,-0.128,-0.296,0.3676800000000001,326.03,0.55,3.72,4.4,2.653312468710922,Goldilocks -> Tightening (Warning)
2026-02-12 05:56:54.589830,-0.09,-0.128,-0.296,0.1801600000000001,326.03,0.55,3.72,4.4,2.653312468710922,Goldilocks -> Tightening (Warning)
2026-02-12 05:56:54.590111,-0.09,-0.128,-0.296,-0.0488199999999998,326.03,0.55,3.72,4.4,2.653312468710922,Goldilocks -> Tightening (Warning)
2026-02-12 05:56:54.590183,-0.09,-0.128,-0.296,-0.0909199999999998,326.03,0.55,3.72,4.4,2.653312468710922,Goldilocks -> Tightening (Warning)
2026-02-12 05:56:54.590370,-0.09,-0.128,-0.296,-0.1487599999999998,326.03,0.55,3.72,4.4,2.653312468710922,Goldilocks -> Tightening (Warning)
2026-02-12 05:56:54.590555,-0.09,-0.128,-0.296,-0.0050799999999998,326.03,0.55,3.72,4.4,2.653312468710922,Goldilocks -> Tightening (Warning)
2026-02-12 05:56:54.590639,-0.09,-0.128,-0.296,0.1518200000000001,326.03,0.55,3.72,4.4,2.653312468710922,Goldilocks -> Tightening (Warning)
2026-02-12 05:56:54.590963,-0.09,-0.128,-0.296,0.2577000000000001,326.03,0.55,3.72,4.4,2.653312468710922,Goldilocks -> Tightening (Warning)
2026-02-12 05:56:54.591197,-0.09,-0.128,-0.296,0.2690800000000001,326.03,0.55,3.72,4.4,2.653312468710922,Goldilocks -> Tightening (Warning)
2026-02-12 05:56:54.690128,-0.09,0.2382,-0.296,0.1970000000000001,326.03,0.55,3.72,4.4,2.653312468710922,Goldilocks -> Tightening (Warning)
2026-02-12 05:56:54.690342,-0.09,0.5129000000000001,-0.296,0.0232000000000002,326.03,0.55,3.72,4.4,2.653312468710922,Goldilocks -> Tightening (Warning)
2026-02-12 05:56:54.690411,-0.09,0.2508666666666667,-0.296,0.0348000000000003,326.03,0.55,3.72,4.4,2.653312468710922,Goldilocks -> Tightening (Warning)
2026-02-12 05:56:54.690650,-0.09,0.18815,-0.296,0.4588,326.03,0.55,3.72,4.4,2.653312468710922,Goldilocks -> Tightening (Warning)
2026-02-12 05:56:54.690752,-0.09,0.09588,-0.296,0.4588,326.03,0.55,3.72,4.4,2.653312468710922,Goldilocks -> Tightening (Warning)
2026-02-12 05:56:54.691103,-0.09,-0.1123799999999999,-0.296,0.4588,326.03,0.55,3.72,4.4,2.653312468710922,Goldilocks -> Tightening (Warning)
2026-02-12 05:56:54.691279,-0.09,-0.1002799999999999,-0.296,0.4588,326.03,0.55,3.72,4.4,2.653312468710922,Goldilocks -> Tightening (Warning)
2026-02-12 05:56:54.691417,-0.09,-0.1217199999999999,-0.296,0.4588,326.03,0.55,3.72,4.4,2.653312468710922,Goldilocks -> Tightening (Warning)
2026-02-12 05:56:54.691556,-0.09,-0.0764599999999999,-0.296,0.4588,326.03,0.55,3.72,4.4,2.653312468710922,Goldilocks -> Tightening (Warning)
2026-02-12 05:56:54.691711,-0.09,-0.1061199999999999,-0.296,0.4588,326.03,0.55,3.72,4.4,2.653312468710922,Goldilocks -> Tightening (Warning)
2026-02-12 05:56:54.691833,-0.09,0.06482,-0.296,0.4588,326.03,0.55,3.72,4.4,2.653312468710922,Goldilocks -> Tightening (Warning)
2026-02-12 05:56:54.691971,-0.09,-0.0692199999999999,-0.296,0.4588,326.03,0.55,3.72,4.4,2.653312468710922,Goldilocks -> Tightening (Warning)
2026-02-12 05:56:54.692084,-0.09,0.0223,-0.296,0.4588,326.03,0.55,3.72,4.4,2.653312468710922,Goldilocks -> Tightening (Warning)
2026-02-12 05:56:54.793028,-0.09,-0.0286999999999999,-0.6739,0.4588,326.03,0.55,3.72,4.4,2.653312468710922,Goldilocks -> Tightening (Warning)
2026-02-12 05:56:54.793137,-0.09,0.1022333333333334,-0.1175000000000006,0.4588,326.03,0.55,3.72,4.4,2.653312468710922,Goldilocks -> Tightening (Warning)
2026-02-12 05:56:54.793296,-0.09,0.1275500000000002,0.1599666666666662,0.4588,326.03,0.55,3.72,4.4,2.653312468710922,Goldilocks -> Tightening (Warning)
2026-02-12 05:56:54.793615,-0.09,0.0772,0.3572249999999997,0.4588,326.03,0.55,3.72,4.4,2.653312468710922,Goldilocks -> Tightening (Warning)
2026-02-12 05:56:54.793821,-0.09,0.0772,0.1253799999999997,0.4588,326.03,0.55,3.72,4.4,2.653312468710922,Goldilocks -> Tightening (Warning)
2026-02-12 05:56:54.793999,-0.09,0.0772,0.3875399999999997,0.4588,326.03,0.55,3.72,4.4,2.653312468710922,Goldilocks -> Tightening (Warning)
2026-02-12 05:56:54.794108,-0.09,0.0772,0.2741599999999997,0.4588,326.03,0.55,3.72,4.4,2.653312468710922,Goldilocks -> Tightening (Warning)
2026-02-12 05:56:54.794158,-0.09,0.0772,0.1311799999999997,0.4588,326.03,0.55,3.72,4.4,2.653312468710922,Goldilocks -> Tightening (Warning)
2026-02-12 05:56:54.794235,-0.09,0.0772,-0.0586200000000002,0.4588,326.03,0.55,3.72,4.4,2.653312468710922,Goldilocks -> Tightening (Warning)
2026-02-12 05:56:54.794305,-0.09,0.0772,0.1017799999999997,0.4588,326.03,0.55,3.72,4.4,2.653312468710922,Goldilocks -> Tightening (Warning)
2026-02-12 05:56:54.794384,-0.09,0.0772,-0.0256000000000002,0.4588,326.03,0.55,3.72,4.4,2.653312468710922,Goldilocks -> Tightening (Warning)
2026-02-12 05:56:54.794492,-0.09,0.0772,-0.0256000000000002,0.4588,326.03,0.55,3.72,4.4,2.653312468710922,Goldilocks -> Tightening (Warning)
2026-02-12 05:56:54.794558,-0.09,0.0772,-0.0562200000000002,0.4588,326.03,0.55,3.72,4.4,2.653312468710922,Goldilocks -> Tightening (Warning)
2026-02-12 05:56:54.794619,-0.09,0.0772,-0.0562200000000002,0.4588,326.03,0.55,3.72,4.4,2.653312468710922,Goldilocks -> Tightening (Warning)
2026-02-12 05:56:54.794780,-0.09,0.0772,-0.0767600000000002,0.4588,326.03,0.55,3.72,4.4,2.653312468710922,Goldilocks -> Tightening (Warning)
2026-02-12 05:56:54.928337,0.6249,0.0772,-0.0959500000000003,0.4588,326.03,0.55,3.72,4.4,2.653312468710922,Goldilocks -> Tightening (Warning)
2026-02-12 05:56:54.928425,0.4255999999999998,0.0772,-0.085266666666667,0.4588,326.03,0.55,3.72,4.4,2.653312468710922,Goldilocks -> Tightening (Warning)
2026-02-12 05:56:54.928501,0.3591666666666666,0.0772,-0.0513500000000006,0.4588,326.03,0.55,3.72,4.4,2.653312468710922,Goldilocks -> Tightening (Warning)
2026-02-12 05:56:54.928651,0.2693749999999999,0.0772,-0.1027,0.4588,326.03,0.55,3.72,4.4,2.653312468710922,Goldilocks -> Tightening (Warning)
2026-02-12 05:56:54.928750,0.2154999999999999,0.0772,-0.1027,0.4588,326.03,0.55,3.72,4.4,2.653312468710922,Goldilocks -> Tightening (Warning)
2026-02-12 05:56:54.928891,0.2415799999999999,0.0772,-0.1027,0.4588,326.03,0.55,3.72,4.4,2.653312468710922,Goldilocks -> Tightening (Warning)
2026-02-12 05:56:54.929029,0.0240599999999999,0.0772,-0.1027,0.4588,326.03,0.55,3.72,4.4,2.653312468710922,Goldilocks -> Tightening (Warning)
2026-02-12 05:56:54.929232,0.0192599999999999,0.0772,-0.1027,0.4588,326.03,0.55,3.72,4.4,2.653312468710922,Goldilocks -> Tightening (Warning)
2026-02-12 05:56:54.929426,0.2018399999999999,0.0772,-0.1027,0.4588,326.03,0.55,3.72,4.4,2.653312468710922,Goldilocks -> Tightening (Warning)
2026-02-12 05:56:54.929550,0.2121599999999999,0.0772,-0.1027,0.4588,326.03,0.55,3.72,4.4,2.653312468710922,Goldilocks -> Tightening (Warning)
2026-02-12 05:56:54.929745,0.0866999999999999,0.0772,-0.1027,0.4588,326.03,0.55,3.72,4.4,2.653312468710922,Goldilocks -> Tightening (Warning)
2026-02-12 05:56:54.929851,0.2945399999999999,0.0772,-0.1027,0.4588,326.03,0.55,3.72,4.4,2.653312468710922,Goldilocks -> Tightening (Warning)
2026-02-12 05:56:54.930022,0.4176,0.0772,-0.1027,0.4588,326.03,0.55,3.72,4.4,2.653312468710922,Goldilocks -> Tightening (Warning)
2026-02-12 06:52:01.306950,0.293775,0.0772,-0.1027,-0.8979,326.03,0.55,3.72,4.4,2.653312468710922,Goldilocks -> Tightening (Warning)
2026-02-12 06:52:01.307116,0.3745,0.0772,-0.1027,-0.8577499999999996,326.03,0.55,3.72,4.4,2.653312468710922,Goldilocks -> Tightening (Warning)
2026-02-12 06:52:01.307244,0.4977499999999999,0.0772,-0.1027,-0.3811999999999997,326.03,0.55,3.72,4.4,2.653312468710922,Goldilocks -> Tightening (Warning)
2026-02-12 06:52:01.307505,0.8176,0.0772,-0.1027,-0.2476249999999998,326.03,0.55,3.72,4.4,2.653312468710922,Goldilocks -> Tightening (Warning)
2026-02-12 06:52:01.307562,0.8176,0.0772,-0.1027,-0.1528399999999998,326.03,0.55,3.72,4.4,2.653312468710922,Goldilocks -> Tightening (Warning)
2026-02-12 06:52:01.307820,0.8176,0.0772,-0.1027,0.1492200000000001,326.03,0.55,3.72,4.4,2.653312468710922,Goldilocks -> Tightening (Warning)
2026-02-12 06:52:01.307937,0.8176,0.0772,-0.1027,0.4820600000000001,326.03,0.55,3.72,4.4,2.653312468710922,Goldilocks -> Tightening (Warning)
2026-02-12 06:52:01.307989,0.8176,0.0772,-0.1027,0.3676800000000002,326.03,0.55,3.72,4.4,2.653312468710922,Goldilocks -> Tightening (Warning)
2026-02-12 06:52:01.308264,0.8176,0.0772,-0.1027,0.1801600000000001,326.03,0.55,3.72,4.4,2.653312468710922,Goldilocks -> Tightening (Warning)
2026-02-12 06:52:01.308537,0.8176,0.0772,-0.1027,-0.0488199999999998,326.03,0.55,3.72,4.4,2.653312468710922,Goldilocks -> Tightening (Warning)
2026-02-12 06:52:01.308607,0.8176,0.0772,-0.1027,-0.0909199999999998,326.03,0.55,3.72,4.4,2.653312468710922,Goldilocks -> Tightening (Warning)
2026-02-12 06:52:01.308808,0.8176,0.0772,-0.1027,-0.1487599999999998,326.03,0.55,3.72,4.4,2.653312468710922,Goldilocks -> Tightening (Warning)
2026-02-12 06:52:01.308990,0.8176,0.0772,-0.1027,-0.0050799999999998,326.03,0.55,3.72,4.4,2.653312468710922,Goldilocks -> Tightening (Warning)
2026-02-12 06:52:01.309072,0.8176,0.0772,-0.1027,0.1518200000000001,326.03,0.55,3.72,4.4,2.653312468710922,Goldilocks -> Tightening (Warning)
2026-02-12 06:52:01.309376,0.8176,0.0772,-0.1027,0.2577000000000001,326.03,0.55,3.72,4.4,2.653312468710922,Goldilocks -> Tightening (Warning)
2026-02-12 06:52:01.465472,0.8176,0.3612,-0.1027,0.2216500000000001,326.03,0.55,3.72,4.4,2.653312468710922,Goldilocks -> Tightening (Warning)
2026-02-12 06:52:01.465744,0.8176,0.2997000000000002,-0.1027,0.1097333333333336,326.03,0.55,3.72,4.4,2.653312468710922,Goldilocks -> Tightening (Warning)
2026-02-12 06:52:01.465981,0.8176,0.4623333333333335,-0.1027,-0.1945999999999996,326.03,0.55,3.72,4.4,2.653312468710922,Goldilocks -> Tightening (Warning)
2026-02-12 06:52:01.466044,0.8176,0.2784500000000001,-0.1027,-0.3892,326.03,0.55,3.72,4.4,2.653312468710922,Goldilocks -> Tightening (Warning)
2026-02-12 06:52:01.466293,0.8176,0.22276,-0.1027,-0.3892,326.03,0.55,3.72,4.4,2.653312468710922,Goldilocks -> Tightening (Warning)
2026-02-12 06:52:01.466349,0.8176,0.09588,-0.1027,-0.3892,326.03,0.55,3.72,4.4,2.653312468710922,Goldilocks -> Tightening (Warning)
2026-02-12 06:52:01.466698,0.8176,-0.1123799999999999,-0.1027,-0.3892,326.03,0.55,3.72,4.4,2.653312468710922,Goldilocks -> Tightening (Warning)
2026-02-12 06:52:01.466874,0.8176,-0.1002799999999999,-0.1027,-0.3892,326.03,0.55,3.72,4.4,2.653312468710922,Goldilocks -> Tightening (Warning)
2026-02-12 06:52:01.466990,0.8176,-0.1217199999999999,-0.1027,-0.3892,326.03,0.55,3.72,4.4,2.653312468710922,Goldilocks -> Tightening (Warning)
2026-02-12 06:52:01.467120,0.8176,-0.0764599999999999,-0.1027,-0.3892,326.03,0.55,3.72,4.4,2.653312468710922,Goldilocks -> Tightening (Warning)
2026-02-12 06:52:01.467259,0.8176,-0.1061199999999999,-0.1027,-0.3892,326.03,0.55,3.72,4.4,2.653312468710922,Goldilocks -> Tightening (Warning)
2026-02-12 06:52:01.467369,0.8176,0.06482,-0.1027,-0.3892,326.03,0.55,3.72,4.4,2.653312468710922,Goldilocks -> Tightening (Warning)
2026-02-12 06:52:01.467503,0.8176,-0.0692199999999999,-0.1027,-0.3892,326.03,0.55,3.72,4.4,2.653312468710922,Goldilocks -> Tightening (Warning)
2026-02-12 06:52:01.626007,0.8176,0.008575,0.8442,-0.3892,326.03,0.55,3.72,4.4,2.653312468710922,Goldilocks -> Tightening (Warning)
2026-02-12 06:52:01.626148,0.8176,-0.0639999999999998,0.7935999999999994,-0.3892,326.03,0.55,3.72,4.4,2.653312468710922,Goldilocks -> Tightening (Warning)
2026-02-12 06:52:01.626328,0.8176,0.1147500000000001,0.7046333333333329,-0.3892,326.03,0.55,3.72,4.4,2.653312468710922,Goldilocks -> Tightening (Warning)
2026-02-12 06:52:01.626473,0.8176,0.1779,0.7303249999999997,-0.3892,326.03,0.55,3.72,4.4,2.653312468710922,Goldilocks -> Tightening (Warning)
2026-02-12 06:52:01.626534,0.8176,0.1779,0.4494799999999997,-0.3892,326.03,0.55,3.72,4.4,2.653312468710922,Goldilocks -> Tightening (Warning)
2026-02-12 06:52:01.626617,0.8176,0.1779,0.3684199999999997,-0.3892,326.03,0.55,3.72,4.4,2.653312468710922,Goldilocks -> Tightening (Warning)
2026-02-12 06:52:01.626759,0.8176,0.1779,0.3627999999999997,-0.3892,326.03,0.55,3.72,4.4,2.653312468710922,Goldilocks -> Tightening (Warning)
2026-02-12 06:52:01.627020,0.8176,0.1779,0.4472599999999997,-0.3892,326.03,0.55,3.72,4.4,2.653312468710922,Goldilocks -> Tightening (Warning)
2026-02-12 06:52:01.627208,0.8176,0.1779,0.1253799999999997,-0.3892,326.03,0.55,3.72,4.4,2.653312468710922,Goldilocks -> Tightening (Warning)
2026-02-12 06:52:01.627380,0.8176,0.1779,0.3875399999999998,-0.3892,326.03,0.55,3.72,4.4,2.653312468710922,Goldilocks -> Tightening (Warning)
2026-02-12 06:52:01.627489,0.8176,0.1779,0.2741599999999997,-0.3892,326.03,0.55,3.72,4.4,2.653312468710922,Goldilocks -> Tightening (Warning)
2026-02-12 06:52:01.627538,0.8176,0.1779,0.1311799999999997,-0.3892,326.03,0.55,3.72,4.4,2.653312468710922,Goldilocks -> Tightening (Warning)
2026-02-12 06:52:01.627615,0.8176,0.1779,-0.0586200000000002,-0.3892,326.03,0.55,3.72,4.4,2.653312468710922,Goldilocks -> Tightening (Warning)
2026-02-12 06:52:01.627703,0.8176,0.1779,0.1017799999999997,-0.3892,326.03,0.55,3.72,4.4,2.653312468710922,Goldilocks -> Tightening (Warning)
2026-02-12 06:52:01.627790,0.8176,0.1779,-0.0256000000000002,-0.3892,326.03,0.55,3.72,4.4,2.653312468710922,Goldilocks -> Tightening (Warning)
2026-02-12 06:52:01.785865,0.0,0.1779,0.0,-0.3892,326.03,0.55,3.72,4.4,2.653312468710922,Goldilocks -> Tightening (Warning)
2026-02-12 06:52:01.786169,-0.4489500000000002,0.1779,0.0,-0.3892,326.03,0.55,3.72,4.4,2.653312468710922,Goldilocks -> Tightening (Warning)
2026-02-12 06:52:01.786444,-0.5601000000000002,0.1779,0.0,-0.3892,326.03,0.55,3.72,4.4,2.653312468710922,Goldilocks -> Tightening (Warning)
2026-02-12 06:52:01.786620,-0.2966000000000001,0.1779,0.0,-0.3892,326.03,0.55,3.72,4.4,2.653312468710922,Goldilocks -> Tightening (Warning)
2026-02-12 06:52:01.786733,-0.3052800000000001,0.1779,0.0,-0.3892,326.03,0.55,3.72,4.4,2.653312468710922,Goldilocks -> Tightening (Warning)
2026-02-12 06:52:01.786812,-0.38566,0.1779,0.0,-0.3892,326.03,0.55,3.72,4.4,2.653312468710922,Goldilocks -> Tightening (Warning)
2026-02-12 06:52:01.786916,-0.07636,0.1779,0.0,-0.3892,326.03,0.55,3.72,4.4,2.653312468710922,Goldilocks -> Tightening (Warning)
2026-02-12 06:52:01.786964,0.0595799999999999,0.1779,0.0,-0.3892,326.03,0.55,3.72,4.4,2.653312468710922,Goldilocks -> Tightening (Warning)
2026-02-12 06:52:01.787092,0.1287599999999999,0.1779,0.0,-0.3892,326.03,0.55,3.72,4.4,2.653312468710922,Goldilocks -> Tightening (Warning)
2026-02-12 06:52:01.787322,0.3217399999999999,0.1779,0.0,-0.3892,326.03,0.55,3.72,4.4,2.653312468710922,Goldilocks -> Tightening (Warning)
2026-02-12 06:52:01.787395,0.44738,0.1779,0.0,-0.3892,326.03,0.55,3.72,4.4,2.653312468710922,Goldilocks -> Tightening (Warning)
2026-02-12 06:52:01.787459,0.3629199999999999,0.1779,0.0,-0.3892,326.03,0.55,3.72,4.4,2.653312468710922,Goldilocks -> Tightening (Warning)
2026-02-12 06:52:01.787599,0.3834599999999999,0.1779,0.0,-0.3892,326.03,0.55,3.72,4.4,2.653312468710922,Goldilocks -> Tightening (Warning)
2026-02-12 06:52:01.787687,0.2154999999999999,0.1779,0.0,-0.3892,326.03,0.55,3.72,4.4,2.653312468710922,Goldilocks -> Tightening (Warning)
2026-02-12 07:43:31.781860,0.1131499999999998,0.1779,0.0,-0.8979,326.03,0.55,3.72,4.4,2.653312468710922,Goldilocks -> Tightening (Warning)
2026-02-12 07:43:31.782032,0.0754333333333331,0.1779,0.0,-0.8577499999999996,326.03,0.55,3.72,4.4,2.653312468710922,Goldilocks -> Tightening (Warning)
2026-02-12 07:43:31.782179,0.0,0.1779,0.0,-0.3811999999999997,326.03,0.55,3.72,4.4,2.653312468710922,Goldilocks -> Tightening (Warning)
2026-02-12 07:43:31.782441,0.0,0.1779,0.0,-0.2476249999999998,326.03,0.55,3.72,4.4,2.653312468710922,Goldilocks -> Tightening (Warning)
2026-02-12 07:43:31.782498,0.0,0.1779,0.0,-0.1528399999999998,326.03,0.55,3.72,4.4,2.653312468710922,Goldilocks -> Tightening (Warning)
2026-02-12 07:43:31.782734,0.0,0.1779,0.0,0.1492200000000001,326.03,0.55,3.72,4.4,2.653312468710922,Goldilocks -> Tightening (Warning)
2026-02-12 07:43:31.782852,0.0,0.1779,0.0,0.4820600000000001,326.03,0.55,3.72,4.4,2.653312468710922,Goldilocks -> Tightening (Warning)
2026-02-12 07:43:31.782904,0.0,0.1779,0.0,0.3676800000000002,326.03,0.55,3.72,4.4,2.653312468710922,Goldilocks -> Tightening (Warning)
2026-02-12 07:43:31.783190,0.0,0.1779,0.0,0.1801600000000001,326.03,0.55,3.72,4.4,2.653312468710922,Goldilocks -> Tightening (Warning)
2026-02-12 07:43:31.783461,0.0,0.1779,0.0,-0.0488199999999998,326.03,0.55,3.72,4.4,2.653312468710922,Goldilocks -> Tightening (Warning)
2026-02-12 07:43:31.783530,0.0,0.1779,0.0,-0.0909199999999998,326.03,0.55,3.72,4.4,2.653312468710922,Goldilocks -> Tightening (Warning)
2026-02-12 07:43:31.783712,0.0,0.1779,0.0,-0.1487599999999998,326.03,0.55,3.72,4.4,2.653312468710922,Goldilocks -> Tightening (Warning)
2026-02-12 07:43:31.783889,0.0,0.1779,0.0,-0.0050799999999998,326.03,0.55,3.72,4.4,2.653312468710922,Goldilocks -> Tightening (Warning)
2026-02-12 07:43:31.783971,0.0,0.1779,0.0,0.1518200000000001,326.03,0.55,3.72,4.4,2.653312468710922,Goldilocks -> Tightening (Warning)
2026-02-12 07:43:31.784288,0.0,0.1779,0.0,0.2577000000000001,326.03,0.55,3.72,4.4,2.653312468710922,Goldilocks -> Tightening (Warning)
2026-02-12 07:43:32.112262,0.0,0.6199,0.0,0.2216500000000001,326.03,0.55,3.72,4.4,2.653312468710922,Goldilocks -> Tightening (Warning)
2026-02-12 07:43:32.112358,0.0,0.3228500000000002,0.0,0.1097333333333336,326.03,0.55,3.72,4.4,2.653312468710922,Goldilocks -> Tightening (Warning)
2026-02-12 07:43:32.112414,0.0,0.2152333333333334,0.0,-0.1945999999999996,326.03,0.55,3.72,4.4,2.653312468710922,Goldilocks -> Tightening (Warning)
2026-02-12 07:43:32.112525,0.0,0.2060750000000001,0.0,-0.3892,326.03,0.55,3.72,4.4,2.653312468710922,Goldilocks -> Tightening (Warning)
2026-02-12 07:43:32.112670,0.0,0.31188,0.0,-0.3892,326.03,0.55,3.72,4.4,2.653312468710922,Goldilocks -> Tightening (Warning)
2026-02-12 07:43:32.112888,0.0,0.2601400000000001,0.0,-0.3892,326.03,0.55,3.72,4.4,2.653312468710922,Goldilocks -> Tightening (Warning)
2026-02-12 07:43:32.113109,0.0,0.30262,0.0,-0.3892,326.03,0.55,3.72,4.4,2.653312468710922,Goldilocks -> Tightening (Warning)
2026-02-12 07:43:32.113299,0.0,0.4601400000000001,0.0,-0.3892,326.03,0.55,3.72,4.4,2.653312468710922,Goldilocks -> Tightening (Warning)
2026-02-12 07:43:32.113359,0.0,0.3697800000000001,0.0,-0.3892,326.03,0.55,3.72,4.4,2.653312468710922,Goldilocks -> Tightening (Warning)
2026-02-12 07:43:32.113595,0.0,0.22276,0.0,-0.3892,326.03,0.55,3.72,4.4,2.653312468710922,Goldilocks -> Tightening (Warning)
2026-02-12 07:43:32.113648,0.0,0.09588,0.0,-0.3892,326.03,0.55,3.72,4.4,2.653312468710922,Goldilocks -> Tightening (Warning)
2026-02-12 07:43:32.113962,0.0,-0.1123799999999999,0.0,-0.3892,326.03,0.55,3.72,4.4,2.653312468710922,Goldilocks -> Tightening (Warning)
2026-02-12 07:43:32.114137,0.0,-0.1002799999999999,0.0,-0.3892,326.03,0.55,3.72,4.4,2.653312468710922,Goldilocks -> Tightening (Warning)
2026-02-12 07:43:32.114250,0.0,-0.1217199999999999,0.0,-0.3892,326.03,0.55,3.72,4.4,2.653312468710922,Goldilocks -> Tightening (Warning)
2026-02-12 07:43:32.274250,0.0,-0.1521499999999999,0.0,-0.3892,326.03,0.55,3.72,4.4,2.653312468710922,Goldilocks -> Tightening (Warning)
2026-02-12 07:43:32.274518,0.0,-0.1117999999999999,0.3547999999999994,-0.3892,326.03,0.55,3.72,4.4,2.653312468710922,Goldilocks -> Tightening (Warning)
2026-02-12 07:43:32.274690,0.0,0.2338500000000001,0.5179333333333329,-0.3892,326.03,0.55,3.72,4.4,2.653312468710922,Goldilocks -> Tightening (Warning)
2026-02-12 07:43:32.274811,0.0,-0.3804,0.5741999999999997,-0.3892,326.03,0.55,3.72,4.4,2.653312468710922,Goldilocks -> Tightening (Warning)
2026-02-12 07:43:32.274971,0.0,-0.3804,0.5646999999999998,-0.3892,326.03,0.55,3.72,4.4,2.653312468710922,Goldilocks -> Tightening (Warning)
2026-02-12 07:43:32.275116,0.0,-0.3804,0.7261799999999997,-0.3892,326.03,0.55,3.72,4.4,2.653312468710922,Goldilocks -> Tightening (Warning)
2026-02-12 07:43:32.275160,0.0,-0.3804,0.4494799999999997,-0.3892,326.03,0.55,3.72,4.4,2.653312468710922,Goldilocks -> Tightening (Warning)
2026-02-12 07:43:32.275240,0.0,-0.3804,0.3684199999999997,-0.3892,326.03,0.55,3.72,4.4,2.653312468710922,Goldilocks -> Tightening (Warning)
2026-02-12 07:43:32.275359,0.0,-0.3804,0.3627999999999997,-0.3892,326.03,0.55,3.72,4.4,2.653312468710922,Goldilocks -> Tightening (Warning)
2026-02-12 07:43:32.275622,0.0,-0.3804,0.4472599999999997,-0.3892,326.03,0.55,3.72,4.4,2.653312468710922,Goldilocks -> Tightening (Warning)
2026-02-12 07:43:32.275805,0.0,-0.3804,0.1253799999999997,-0.3892,326.03,0.55,3.72,4.4,2.653312468710922,Goldilocks -> Tightening (Warning)
2026-02-12 07:43:32.275970,0.0,-0.3804,0.3875399999999998,-0.3892,326.03,0.55,3.72,4.4,2.653312468710922,Goldilocks -> Tightening (Warning)
2026-02-12 07:43:32.276073,0.0,-0.3804,0.2741599999999997,-0.3892,326.03,0.55,3.72,4.4,2.653312468710922,Goldilocks -> Tightening (Warning)
2026-02-12 07:43:32.276134,0.0,-0.3804,0.1311799999999997,-0.3892,326.03,0.55,3.72,4.4,2.653312468710922,Goldilocks -> Tightening (Warning)
2026-02-12 07:43:32.276214,0.0,-0.3804,-0.0586200000000002,-0.3892,326.03,0.55,3.72,4.4,2.653312468710922,Goldilocks -> Tightening (Warning)
2026-02-12 07:43:32.463478,-0.9514,-0.3804,0.1272249999999997,-0.3892,326.03,0.55,3.72,4.4,2.653312468710922,Goldilocks -> Tightening (Warning)
2026-02-12 07:43:32.463784,-0.1042000000000001,-0.3804,-0.042666666666667,-0.3892,326.03,0.55,3.72,4.4,2.653312468710922,Goldilocks -> Tightening (Warning)
2026-02-12 07:43:32.463963,-0.3368000000000001,-0.3804,0.0,-0.3892,326.03,0.55,3.72,4.4,2.653312468710922,Goldilocks -> Tightening (Warning)
2026-02-12 07:43:32.464181,-0.0708750000000001,-0.3804,0.0,-0.3892,326.03,0.55,3.72,4.4,2.653312468710922,Goldilocks -> Tightening (Warning)
2026-02-12 07:43:32.464383,0.1087199999999999,-0.3804,0.0,-0.3892,326.03,0.55,3.72,4.4,2.653312468710922,Goldilocks -> Tightening (Warning)
2026-02-12 07:43:32.464503,0.2072399999999999,-0.3804,0.0,-0.3892,326.03,0.55,3.72,4.4,2.653312468710922,Goldilocks -> Tightening (Warning)
2026-02-12 07:43:32.464817,-0.07952,-0.3804,0.0,-0.3892,326.03,0.55,3.72,4.4,2.653312468710922,Goldilocks -> Tightening (Warning)
2026-02-12 07:43:32.465011,-0.10184,-0.3804,0.0,-0.3892,326.03,0.55,3.72,4.4,2.653312468710922,Goldilocks -> Tightening (Warning)
2026-02-12 07:43:32.465091,-0.24722,-0.3804,0.0,-0.3892,326.03,0.55,3.72,4.4,2.653312468710922,Goldilocks -> Tightening (Warning)
2026-02-12 07:43:32.465368,-0.59222,-0.3804,0.0,-0.3892,326.03,0.55,3.72,4.4,2.653312468710922,Goldilocks -> Tightening (Warning)
2026-02-12 07:43:32.465623,-0.65694,-0.3804,0.0,-0.3892,326.03,0.55,3.72,4.4,2.653312468710922,Goldilocks -> Tightening (Warning)
2026-02-12 07:43:32.465768,-0.42,-0.3804,0.0,-0.3892,326.03,0.55,3.72,4.4,2.653312468710922,Goldilocks -> Tightening (Warning)
2026-02-12 07:43:32.465841,-0.3176600000000001,-0.3804,0.0,-0.3892,326.03,0.55,3.72,4.4,2.653312468710922,Goldilocks -> Tightening (Warning)
2026-02-12 07:43:32.465918,-0.38566,-0.3804,0.0,-0.3892,326.03,0.55,3.72,4.4,2.653312468710922,Goldilocks -> Tightening (Warning)
2026-02-12 07:43:32.466021,-0.07636,-0.3804,0.0,-0.3892,326.03,0.55,3.72,4.4,2.653312468710922,Goldilocks -> Tightening (Warning)
