Timestamp,Inflation_Sentiment,Labor_Market,Manufacturing,Monetary_Policy
2026-02-11 18:40:42.442708,0.2263,0.6041,0.137375,0.5106
2026-02-11 18:40:42.443194,0.41935,0.6041,0.06983333333333332,0.5106
2026-02-11 18:40:42.443292,0.2369,0.6041,-0.020250000000000018,0.5106
2026-02-11 18:40:42.443516,0.0772,0.6041,0.5719,0.5106
2026-02-11 18:40:42.443762,0.19369999999999998,0.6041,0.5719,0.5106
2026-02-11 18:40:42.444049,0.010280000000000001,0.6041,0.5719,0.5106
2026-02-11 18:40:42.444214,0.04079999999999999,0.6041,0.5719,0.5106
2026-02-11 18:40:42.444289,-0.06770000000000001,0.6041,0.5719,0.5106
2026-02-11 18:40:42.444436,0.07631999999999999,0.6041,0.5719,0.5106
2026-02-11 18:40:42.444526,0.03246,0.6041,0.5719,0.5106
2026-02-11 18:40:42.444902,0.35553999999999997,0.6041,0.5719,0.5106
2026-02-11 18:40:42.445067,0.01981999999999997,0.6041,0.5719,0.5106
2026-02-11 18:40:42.445328,0.06215999999999999,0.6041,0.5719,0.5106
2026-02-11 18:40:42.445446,-0.08674000000000001,0.6041,0.5719,0.5106
2026-02-11 18:40:42.445587,-0.01596000000000002,0.6041,0.5719,0.5106
2026-02-11 18:45:36.260062,-0.2511,0.6041,0.5719,0.6124
2026-02-11 18:45:36.260205,-0.030266666666666664,0.6041,0.5719,0.7295
2026-02-11 18:45:36.260267,0.184,0.6041,0.5719,0.48633333333333334
2026-02-11 18:45:36.260578,0.7943,0.6041,0.5719,0.16862500000000005
2026-02-11 18:45:36.260867,0.7943,0.6041,0.5719,-0.048819999999999954
2026-02-11 18:45:36.260942,0.7943,0.6041,0.5719,-0.09091999999999997
2026-02-11 18:45:36.261133,0.7943,0.6041,0.5719,-0.14875999999999998
2026-02-11 18:45:36.261319,0.7943,0.6041,0.5719,-0.005079999999999973
2026-02-11 18:45:36.261417,0.7943,0.6041,0.5719,0.15182
2026-02-11 18:45:36.261734,0.7943,0.6041,0.5719,0.25770000000000004
2026-02-11 18:45:36.261972,0.7943,0.6041,0.5719,0.26908000000000004
2026-02-11 18:45:36.262124,0.7943,0.6041,0.5719,0.08960000000000003
2026-02-11 18:45:36.262516,0.7943,0.6041,0.5719,-0.11549999999999998
2026-02-11 18:45:36.262628,0.7943,0.6041,0.5719,0.0016800000000000148
2026-02-11 18:45:36.262745,0.7943,0.6041,0.5719,0.18164000000000002
2026-02-11 18:45:36.367117,0.7943,-0.8689,0.5719,0.11235000000000003
2026-02-11 18:45:36.367356,0.7943,0.013400000000000023,0.5719,0.2631333333333334
2026-02-11 18:45:36.367554,0.7943,0.26376666666666665,0.5719,0.5482500000000001
2026-02-11 18:45:36.367621,0.7943,0.2544,0.5719,0.5106
2026-02-11 18:45:36.367763,0.7943,0.020500000000000008,0.5719,0.5106
2026-02-11 18:45:36.367930,0.7943,0.12628,0.5719,0.5106
2026-02-11 18:45:36.368010,0.7943,-0.13716,0.5719,0.5106
2026-02-11 18:45:36.368096,0.7943,-0.41978,0.5719,0.5106
2026-02-11 18:45:36.368290,0.7943,-0.5735,0.5719,0.5106
2026-02-11 18:45:36.368488,0.7943,-0.2761,0.5719,0.5106
2026-02-11 18:45:36.368530,0.7943,-0.20809999999999995,0.5719,0.5106
2026-02-11 18:45:36.368788,0.7943,0.06220000000000003,0.5719,0.5106
2026-02-11 18:45:36.369035,0.7943,0.37792000000000003,0.5719,0.5106
2026-02-11 18:45:36.369088,0.7943,0.48638000000000003,0.5719,0.5106
2026-02-11 18:45:36.369194,0.7943,0.49282000000000004,0.5719,0.5106
2026-02-11 18:45:36.480618,0.7943,0.616025,0.6808,0.5106
2026-02-11 18:45:36.480720,0.7943,0.5113666666666666,0.34040000000000004,0.5106
2026-02-11 18:45:36.480877,0.7943,0.30205,0.5360666666666667,0.5106
2026-02-11 18:45:36.481026,0.7943,0.6041,0.5414,0.5106
2026-02-11 18:45:36.481237,0.7943,0.6041,0.60246,0.5106
2026-02-11 18:45:36.481319,0.7943,0.6041,0.46630000000000005,0.5106
2026-02-11 18:45:36.481404,0.7943,0.6041,0.46630000000000005,0.5106
2026-02-11 18:45:36.481517,0.7943,0.6041,0.34882,0.5106
2026-02-11 18:45:36.481620,0.7943,0.6041,0.23734000000000002,0.5106
2026-02-11 18:45:36.481794,0.7943,0.6041,0.24336000000000002,0.5106
2026-02-11 18:45:36.481912,0.7943,0.6041,0.2639,0.5106
2026-02-11 18:45:36.482098,0.7943,0.6041,0.33190000000000003,0.5106
2026-02-11 18:45:36.482223,0.7943,0.6041,0.3139,0.5106
2026-02-11 18:45:36.482321,0.7943,0.6041,0.19142,0.5106
2026-02-11 18:45:36.482383,0.7943,0.6041,0.13044,0.5106
2026-02-11 18:45:36.564996,0.2263,0.6041,0.137375,0.5106
2026-02-11 18:45:36.565372,0.41935,0.6041,0.06983333333333332,0.5106
2026-02-11 18:45:36.565474,0.2369,0.6041,-0.020250000000000018,0.5106
2026-02-11 18:45:36.565657,0.0772,0.6041,0.5719,0.5106
2026-02-11 18:45:36.565846,0.19369999999999998,0.6041,0.5719,0.5106
2026-02-11 18:45:36.566082,0.010280000000000001,0.6041,0.5719,0.5106
2026-02-11 18:45:36.566262,0.04079999999999999,0.6041,0.5719,0.5106
2026-02-11 18:45:36.566337,-0.06770000000000001,0.6041,0.5719,0.5106
2026-02-11 18:45:36.566491,0.07631999999999999,0.6041,0.5719,0.5106
2026-02-11 18:45:36.566578,0.03246,0.6041,0.5719,0.5106
2026-02-11 18:45:36.566916,0.35553999999999997,0.6041,0.5719,0.5106
2026-02-11 18:45:36.567073,0.01981999999999997,0.6041,0.5719,0.5106
2026-02-11 18:45:36.567325,0.06215999999999999,0.6041,0.5719,0.5106
2026-02-11 18:45:36.567457,-0.08674000000000001,0.6041,0.5719,0.5106
2026-02-11 18:45:36.567592,-0.01596000000000002,0.6041,0.5719,0.5106
2026-02-11 19:48:16.330713,-0.2511,0.6041,0.5719,0.6124
2026-02-11 19:48:16.330858,-0.030266666666666664,0.6041,0.5719,0.7295
2026-02-11 19:48:16.330919,0.184,0.6041,0.5719,0.48633333333333334
2026-02-11 19:48:16.331209,0.7943,0.6041,0.5719,0.16862500000000005
2026-02-11 19:48:16.331489,0.7943,0.6041,0.5719,-0.048819999999999954
2026-02-11 19:48:16.331560,0.7943,0.6041,0.5719,-0.09091999999999997
2026-02-11 19:48:16.331763,0.7943,0.6041,0.5719,-0.14875999999999998
2026-02-11 19:48:16.331946,0.7943,0.6041,0.5719,-0.005079999999999973
2026-02-11 19:48:16.332028,0.7943,0.6041,0.5719,0.15182
2026-02-11 19:48:16.332336,0.7943,0.6041,0.5719,0.25770000000000004
2026-02-11 19:48:16.332566,0.7943,0.6041,0.5719,0.26908000000000004
2026-02-11 19:48:16.332728,0.7943,0.6041,0.5719,0.08960000000000003
2026-02-11 19:48:16.333082,0.7943,0.6041,0.5719,-0.11549999999999998
2026-02-11 19:48:16.333191,0.7943,0.6041,0.5719,0.0016800000000000148
2026-02-11 19:48:16.333303,0.7943,0.6041,0.5719,0.18164000000000002
2026-02-11 19:48:16.440982,0.7943,-0.3919,0.5719,0.11235000000000003
2026-02-11 19:48:16.441237,0.7943,-0.10700000000000001,0.5719,0.2631333333333334
2026-02-11 19:48:16.441334,0.7943,-0.21813333333333337,0.5719,0.5482500000000001
2026-02-11 19:48:16.441515,0.7943,-0.380825,0.5719,0.5106
2026-02-11 19:48:16.441749,0.7943,-0.12552000000000002,0.5719,0.5106
2026-02-11 19:48:16.441923,0.7943,0.10575999999999999,0.5719,0.5106
2026-02-11 19:48:16.441985,0.7943,0.11543999999999999,0.5719,0.5106
2026-02-11 19:48:16.442121,0.7943,0.020499999999999963,0.5719,0.5106
2026-02-11 19:48:16.442283,0.7943,0.12628,0.5719,0.5106
2026-02-11 19:48:16.442359,0.7943,-0.13716000000000003,0.5719,0.5106
2026-02-11 19:48:16.442440,0.7943,-0.41978,0.5719,0.5106
2026-02-11 19:48:16.442631,0.7943,-0.5735,0.5719,0.5106
2026-02-11 19:48:16.442822,0.7943,-0.2761,0.5719,0.5106
2026-02-11 19:48:16.442863,0.7943,-0.20809999999999995,0.5719,0.5106
2026-02-11 19:48:16.443158,0.7943,0.06220000000000003,0.5719,0.5106
2026-02-11 19:48:16.680733,0.7943,0.2399,0.4939,0.5106
2026-02-11 19:48:16.680836,0.7943,0.5006333333333334,0.04600000000000007,0.5106
2026-02-11 19:48:16.680951,0.7943,0.465,-0.10329999999999995,0.5106
2026-02-11 19:48:16.681057,0.7943,0.93,-0.17794999999999994,0.5106
2026-02-11 19:48:16.681244,0.7943,0.93,-0.006199999999999983,0.5106
2026-02-11 19:48:16.681327,0.7943,0.93,-0.10497999999999999,0.5106
2026-02-11 19:48:16.681473,0.7943,0.93,0.16088,0.5106
2026-02-11 19:48:16.681611,0.7943,0.93,0.35274,0.5106
2026-02-11 19:48:16.681824,0.7943,0.93,0.60246,0.5106
2026-02-11 19:48:16.681899,0.7943,0.93,0.46630000000000005,0.5106
2026-02-11 19:48:16.681968,0.7943,0.93,0.46630000000000005,0.5106
2026-02-11 19:48:16.682074,0.7943,0.93,0.34882,0.5106
2026-02-11 19:48:16.682170,0.7943,0.93,0.23734000000000002,0.5106
2026-02-11 19:48:16.682338,0.7943,0.93,0.24336000000000002,0.5106
2026-02-11 19:48:16.682450,0.7943,0.93,0.26389999999999997,0.5106
2026-02-11 19:48:16.999067,-0.3182,0.93,0.329875,0.5106
2026-02-11 19:48:16.999489,-0.63095,0.93,0.32649999999999996,0.5106
2026-02-11 19:48:16.999619,-0.30023333333333335,0.93,0.4897499999999999,0.5106
2026-02-11 19:48:16.999753,-0.32315,0.93,0.1027,0.5106
2026-02-11 19:48:16.999879,-0.18644,0.93,0.1027,0.5106
2026-02-11 19:48:17.000037,-0.02746000000000002,0.93,0.1027,0.5106
2026-02-11 19:48:17.000301,0.35825999999999997,0.93,0.1027,0.5106
2026-02-11 19:48:17.000380,0.33127999999999996,0.93,0.1027,0.5106
2026-02-11 19:48:17.000739,0.53214,0.93,0.1027,0.5106
2026-02-11 19:48:17.000814,0.43445999999999996,0.93,0.1027,0.5106
2026-02-11 19:48:17.000984,0.25873999999999997,0.93,0.1027,0.5106
2026-02-11 19:48:17.001162,0.19369999999999996,0.93,0.1027,0.5106
2026-02-11 19:48:17.001384,0.010279999999999956,0.93,0.1027,0.5106
2026-02-11 19:48:17.001523,0.04079999999999995,0.93,0.1027,0.5106
2026-02-11 19:48:17.001589,-0.06770000000000005,0.93,0.1027,0.5106
2026-02-11 21:14:39.774049,0.015849999999999934,0.93,0.1027,0.6124
2026-02-11 21:14:39.774191,-0.19876666666666676,0.93,0.1027,0.7295
2026-02-11 21:14:39.774257,0.04724999999999985,0.93,0.1027,0.48633333333333334
2026-02-11 21:14:39.774574,-0.6705,0.93,0.1027,0.16862500000000005
2026-02-11 21:14:39.774868,-0.6705,0.93,0.1027,-0.048819999999999954
2026-02-11 21:14:39.774944,-0.6705,0.93,0.1027,-0.09091999999999997
2026-02-11 21:14:39.775137,-0.6705,0.93,0.1027,-0.14875999999999998
2026-02-11 21:14:39.775324,-0.6705,0.93,0.1027,-0.005079999999999973
2026-02-11 21:14:39.775421,-0.6705,0.93,0.1027,0.15182
2026-02-11 21:14:39.775741,-0.6705,0.93,0.1027,0.25770000000000004
2026-02-11 21:14:39.775981,-0.6705,0.93,0.1027,0.26908000000000004
2026-02-11 21:14:39.776135,-0.6705,0.93,0.1027,0.08960000000000003
2026-02-11 21:14:39.776516,-0.6705,0.93,0.1027,-0.11549999999999998
2026-02-11 21:14:39.776629,-0.6705,0.93,0.1027,0.0016800000000000148
2026-02-11 21:14:39.776746,-0.6705,0.93,0.1027,0.18164000000000002
2026-02-11 21:14:40.048675,-0.6705,0.891,0.1027,0.11235000000000003
2026-02-11 21:14:40.048874,-0.6705,0.54665,0.1027,0.2631333333333334
2026-02-11 21:14:40.048993,-0.6705,0.3046666666666667,0.1027,0.5482500000000001
2026-02-11 21:14:40.049153,-0.6705,0.35375,0.1027,0.5106
2026-02-11 21:14:40.049280,-0.6705,0.20461999999999997,0.1027,0.5106
2026-02-11 21:14:40.049538,-0.6705,0.062,0.1027,0.5106
2026-02-11 21:14:40.049634,-0.6705,-0.06654,0.1027,0.5106
2026-02-11 21:14:40.049815,-0.6705,-0.20446,0.1027,0.5106
2026-02-11 21:14:40.050033,-0.6705,-0.12551999999999996,0.1027,0.5106
2026-02-11 21:14:40.050210,-0.6705,0.10576,0.1027,0.5106
2026-02-11 21:14:40.050277,-0.6705,0.11544000000000001,0.1027,0.5106
2026-02-11 21:14:40.050433,-0.6705,0.020500000000000008,0.1027,0.5106
2026-02-11 21:14:40.050602,-0.6705,0.12628,0.1027,0.5106
2026-02-11 21:14:40.050682,-0.6705,-0.13716,0.1027,0.5106
2026-02-11 21:14:40.050766,-0.6705,-0.41978,0.1027,0.5106
2026-02-11 21:14:40.277523,-0.6705,-0.5813,0.0,0.5106
2026-02-11 21:14:40.277660,-0.6705,-0.4700333333333333,0.051349999999999944,0.5106
2026-02-11 21:14:40.277788,-0.6705,-0.5350499999999999,-0.06443333333333336,0.5106
2026-02-11 21:14:40.277977,-0.6705,-0.6486,-0.257325,0.5106
2026-02-11 21:14:40.278077,-0.6705,-0.6486,-0.10708,0.5106
2026-02-11 21:14:40.278174,-0.6705,-0.6486,-0.18746000000000002,0.5106
2026-02-11 21:14:40.278293,-0.6705,-0.6486,-0.28837999999999997,0.5106
2026-02-11 21:14:40.278421,-0.6705,-0.6486,-0.30955999999999995,0.5106
2026-02-11 21:14:40.278617,-0.6705,-0.6486,-0.0062000000000000275,0.5106
2026-02-11 21:14:40.278702,-0.6705,-0.6486,-0.10498000000000003,0.5106
2026-02-11 21:14:40.278853,-0.6705,-0.6486,0.16087999999999997,0.5106
2026-02-11 21:14:40.278998,-0.6705,-0.6486,0.35273999999999994,0.5106
2026-02-11 21:14:40.279197,-0.6705,-0.6486,0.60246,0.5106
2026-02-11 21:14:40.279274,-0.6705,-0.6486,0.46630000000000005,0.5106
2026-02-11 21:14:40.279343,-0.6705,-0.6486,0.46630000000000005,0.5106
2026-02-11 21:14:40.515213,0.4404,-0.6486,0.351025,0.5106
2026-02-11 21:14:40.515290,0.22019999999999984,-0.6486,0.2822333333333333,0.5106
2026-02-11 21:14:40.515482,0.04073333333333323,-0.6486,0.0,0.5106
2026-02-11 21:14:40.515646,0.1540249999999999,-0.6486,0.0,0.5106
2026-02-11 21:14:40.515761,0.011799999999999944,-0.6486,0.0,0.5106
2026-02-11 21:14:40.516161,7.999999999993567e-05,-0.6486,0.0,0.5106
2026-02-11 21:14:40.516271,-0.03578000000000006,-0.6486,0.0,0.5106
2026-02-11 21:14:40.516363,-0.03578000000000006,-0.6486,0.0,0.5106
2026-02-11 21:14:40.516827,-0.32330000000000003,-0.6486,0.0,0.5106
2026-02-11 21:14:40.516961,-0.13964000000000004,-0.6486,0.0,0.5106
2026-02-11 21:14:40.517082,-0.29438000000000003,-0.6486,0.0,0.5106
2026-02-11 21:14:40.517211,-0.18644000000000005,-0.6486,0.0,0.5106
2026-02-11 21:14:40.517398,-0.02746000000000004,-0.6486,0.0,0.5106
2026-02-11 21:14:40.517705,0.3582599999999999,-0.6486,0.0,0.5106
2026-02-11 21:24:46.011822,0.3575249999999999,-0.6486,0.0,0.6124
2026-02-11 21:24:46.011966,0.6073333333333332,-0.6486,0.0,0.7295
2026-02-11 21:24:46.012032,0.7307999999999999,-0.6486,0.0,0.48633333333333334
2026-02-11 21:24:46.012333,0.9849,-0.6486,0.0,0.16862500000000005
2026-02-11 21:24:46.012636,0.9849,-0.6486,0.0,-0.048819999999999954
2026-02-11 21:24:46.012708,0.9849,-0.6486,0.0,-0.09091999999999997
2026-02-11 21:24:46.012894,0.9849,-0.6486,0.0,-0.14875999999999998
2026-02-11 21:24:46.013074,0.9849,-0.6486,0.0,-0.005079999999999973
2026-02-11 21:24:46.013157,0.9849,-0.6486,0.0,0.15182
2026-02-11 21:24:46.013465,0.9849,-0.6486,0.0,0.25770000000000004
2026-02-11 21:24:46.013712,0.9849,-0.6486,0.0,0.26908000000000004
2026-02-11 21:24:46.013864,0.9849,-0.6486,0.0,0.08960000000000003
2026-02-11 21:24:46.014221,0.9849,-0.6486,0.0,-0.11549999999999998
2026-02-11 21:24:46.014328,0.9849,-0.6486,0.0,0.0016800000000000148
2026-02-11 21:24:46.014440,0.9849,-0.6486,0.0,0.18164000000000002
2026-02-11 21:24:46.140128,0.9849,0.891,0.0,0.11235000000000003
2026-02-11 21:24:46.140321,0.9849,0.54665,0.0,0.2631333333333334
2026-02-11 21:24:46.140437,0.9849,0.3046666666666667,0.0,0.5482500000000001
2026-02-11 21:24:46.140607,0.9849,0.35375,0.0,0.5106
2026-02-11 21:24:46.140734,0.9849,0.20461999999999997,0.0,0.5106
2026-02-11 21:24:46.140967,0.9849,0.062,0.0,0.5106
2026-02-11 21:24:46.141058,0.9849,-0.06654,0.0,0.5106
2026-02-11 21:24:46.141233,0.9849,-0.20446,0.0,0.5106
2026-02-11 21:24:46.141448,0.9849,-0.12551999999999996,0.0,0.5106
2026-02-11 21:24:46.141631,0.9849,0.10576,0.0,0.5106
2026-02-11 21:24:46.141695,0.9849,0.11544000000000001,0.0,0.5106
2026-02-11 21:24:46.141833,0.9849,0.020500000000000008,0.0,0.5106
2026-02-11 21:24:46.141998,0.9849,0.12628,0.0,0.5106
2026-02-11 21:24:46.142074,0.9849,-0.13716,0.0,0.5106
2026-02-11 21:24:46.142157,0.9849,-0.41978,0.0,0.5106
2026-02-11 21:24:46.297163,0.9849,-0.5813,0.0,0.5106
2026-02-11 21:24:46.297290,0.9849,-0.4700333333333333,0.05134999999999989,0.5106
2026-02-11 21:24:46.297406,0.9849,-0.5350499999999999,-0.0644333333333334,0.5106
2026-02-11 21:24:46.297575,0.9849,-0.6486,-0.257325,0.5106
2026-02-11 21:24:46.297685,0.9849,-0.6486,-0.10708000000000004,0.5106
2026-02-11 21:24:46.297772,0.9849,-0.6486,-0.18746000000000004,0.5106
2026-02-11 21:24:46.297886,0.9849,-0.6486,-0.28838,0.5106
2026-02-11 21:24:46.297993,0.9849,-0.6486,-0.30956,0.5106
2026-02-11 21:24:46.298178,0.9849,-0.6486,-0.006200000000000072,0.5106
2026-02-11 21:24:46.298260,0.9849,-0.6486,-0.10498000000000007,0.5106
2026-02-11 21:24:46.298402,0.9849,-0.6486,0.1608799999999999,0.5106
2026-02-11 21:24:46.298539,0.9849,-0.6486,0.35273999999999994,0.5106
2026-02-11 21:24:46.298749,0.9849,-0.6486,0.6024599999999999,0.5106
2026-02-11 21:24:46.298825,0.9849,-0.6486,0.4662999999999998,0.5106
2026-02-11 21:24:46.298893,0.9849,-0.6486,0.4662999999999998,0.5106
2026-02-11 21:24:46.428633,0.25,-0.6486,0.35102499999999986,0.5106
2026-02-11 21:24:46.428784,-0.1044000000000001,-0.6486,0.28223333333333317,0.5106
2026-02-11 21:24:46.429004,-0.3640666666666667,-0.6486,0.0,0.5106
2026-02-11 21:24:46.429123,-0.4292750000000001,-0.6486,0.0,0.5106
2026-02-11 21:24:46.429197,-0.25534,-0.6486,0.0,0.5106
2026-02-11 21:24:46.429260,-0.30534000000000006,-0.6486,0.0,0.5106
2026-02-11 21:24:46.429408,-0.2772200000000001,-0.6486,0.0,0.5106
2026-02-11 21:24:46.429562,-0.0017600000000000393,-0.6486,0.0,0.5106
2026-02-11 21:24:46.429683,0.011799999999999967,-0.6486,0.0,0.5106
2026-02-11 21:24:46.430075,7.999999999995789e-05,-0.6486,0.0,0.5106
2026-02-11 21:24:46.430182,-0.03578000000000004,-0.6486,0.0,0.5106
2026-02-11 21:24:46.430272,-0.03578000000000004,-0.6486,0.0,0.5106
2026-02-11 21:24:46.430683,-0.32330000000000003,-0.6486,0.0,0.5106
2026-02-11 21:24:46.430807,-0.13964,-0.6486,0.0,0.5106
2026-02-11 21:41:39.356260,-0.27,-0.6486,0.0,0.6124
2026-02-11 21:41:39.356461,-0.30023333333333335,-0.6486,0.0,0.7295
2026-02-11 21:41:39.356545,-0.29125,-0.6486,0.0,0.48633333333333334
2026-02-11 21:41:39.356931,0.3612,-0.6486,0.0,0.16862500000000005
2026-02-11 21:41:39.357315,0.3612,-0.6486,0.0,-0.048819999999999954
2026-02-11 21:41:39.357399,0.3612,-0.6486,0.0,-0.09091999999999997
2026-02-11 21:41:39.357614,0.3612,-0.6486,0.0,-0.14875999999999998
2026-02-11 21:41:39.357811,0.3612,-0.6486,0.0,-0.005079999999999973
2026-02-11 21:41:39.357899,0.3612,-0.6486,0.0,0.15182
2026-02-11 21:41:39.358210,0.3612,-0.6486,0.0,0.25770000000000004
2026-02-11 21:41:39.358461,0.3612,-0.6486,0.0,0.26908000000000004
2026-02-11 21:41:39.358617,0.3612,-0.6486,0.0,0.08960000000000003
2026-02-11 21:41:39.358980,0.3612,-0.6486,0.0,-0.11549999999999998
2026-02-11 21:41:39.359088,0.3612,-0.6486,0.0,0.0016800000000000148
2026-02-11 21:41:39.359204,0.3612,-0.6486,0.0,0.18164000000000002
2026-02-11 21:41:39.522816,0.3612,0.0,0.0,0.11235000000000003
2026-02-11 21:41:39.523085,0.3612,0.4455,0.0,0.2631333333333334
2026-02-11 21:41:39.523320,0.3612,0.36443333333333333,0.0,0.5482500000000001
2026-02-11 21:41:39.523459,0.3612,0.2285,0.0,0.5106
2026-02-11 21:41:39.523645,0.3612,0.28300000000000003,0.0,0.5106
2026-02-11 21:41:39.523788,0.3612,0.20461999999999997,0.0,0.5106
2026-02-11 21:41:39.524103,0.3612,0.062,0.0,0.5106
2026-02-11 21:41:39.524203,0.3612,-0.06654,0.0,0.5106
2026-02-11 21:41:39.524406,0.3612,-0.20446,0.0,0.5106
2026-02-11 21:41:39.524637,0.3612,-0.12551999999999996,0.0,0.5106
2026-02-11 21:41:39.524822,0.3612,0.10576,0.0,0.5106
2026-02-11 21:41:39.524887,0.3612,0.11544000000000001,0.0,0.5106
2026-02-11 21:41:39.525025,0.3612,0.020500000000000008,0.0,0.5106
2026-02-11 21:41:39.525187,0.3612,0.12628,0.0,0.5106
2026-02-11 21:41:39.525262,0.3612,-0.13716,0.0,0.5106
2026-02-11 21:41:39.742461,0.3612,-0.362575,0.0,0.5106
2026-02-11 21:41:39.742564,0.3612,-0.5588666666666666,0.0,0.5106
2026-02-11 21:41:39.742702,0.3612,-0.3807499999999999,0.034233333333333185,0.5106
2026-02-11 21:41:39.742834,0.3612,-0.4215,-0.048325000000000104,0.5106
2026-02-11 21:41:39.743034,0.3612,-0.4215,-0.20586000000000007,0.5106
2026-02-11 21:41:39.743137,0.3612,-0.4215,-0.10708000000000009,0.5106
2026-02-11 21:41:39.743238,0.3612,-0.4215,-0.1874600000000001,0.5106
2026-02-11 21:41:39.743377,0.3612,-0.4215,-0.2883800000000001,0.5106
2026-02-11 21:41:39.743489,0.3612,-0.4215,-0.30956000000000006,0.5106
2026-02-11 21:41:39.743679,0.3612,-0.4215,-0.006200000000000117,0.5106
2026-02-11 21:41:39.743763,0.3612,-0.4215,-0.10498000000000011,0.5106
2026-02-11 21:41:39.743913,0.3612,-0.4215,0.16087999999999986,0.5106
2026-02-11 21:41:39.744060,0.3612,-0.4215,0.35273999999999983,0.5106
2026-02-11 21:41:39.744264,0.3612,-0.4215,0.6024599999999999,0.5106
2026-02-11 21:41:39.744354,0.3612,-0.4215,0.4662999999999998,0.5106
2026-02-11 21:41:40.083766,0.6486,-0.4215,0.5828749999999998,0.5106
2026-02-11 21:41:40.083832,0.3242999999999999,-0.4215,0.46803333333333313,0.5106
2026-02-11 21:41:40.083910,0.29953333333333326,-0.4215,0.4233499999999997,0.5106
2026-02-11 21:41:40.084071,0.10994999999999996,-0.4215,0.0,0.5106
2026-02-11 21:41:40.084333,-0.08872000000000002,-0.4215,0.0,0.5106
2026-02-11 21:41:40.084466,-0.34342,-0.4215,0.0,0.5106
2026-02-11 21:41:40.084548,-0.25534,-0.4215,0.0,0.5106
2026-02-11 21:41:40.084615,-0.30534,-0.4215,0.0,0.5106
2026-02-11 21:41:40.084777,-0.27721999999999997,-0.4215,0.0,0.5106
2026-02-11 21:41:40.084953,-0.0017600000000000172,-0.4215,0.0,0.5106
2026-02-11 21:41:40.085059,0.011799999999999967,-0.4215,0.0,0.5106
2026-02-11 21:41:40.085456,7.999999999995789e-05,-0.4215,0.0,0.5106
2026-02-11 21:41:40.085562,-0.03578000000000004,-0.4215,0.0,0.5106
2026-02-11 21:41:40.085652,-0.03578000000000004,-0.4215,0.0,0.5106
2026-02-11 22:22:05.263745,-0.16820000000000004,-0.4215,0.0,0.6124
2026-02-11 22:22:05.263927,-0.038566666666666714,-0.4215,0.0,0.7295
2026-02-11 22:22:05.264027,-0.24875000000000005,-0.4215,0.0,0.48633333333333334
2026-02-11 22:22:05.264424,-0.3182,-0.4215,0.0,0.16862500000000005
2026-02-11 22:22:05.264809,-0.3182,-0.4215,0.0,-0.048819999999999954
2026-02-11 22:22:05.264910,-0.3182,-0.4215,0.0,-0.09091999999999997
2026-02-11 22:22:05.265122,-0.3182,-0.4215,0.0,-0.14875999999999998
2026-02-11 22:22:05.265312,-0.3182,-0.4215,0.0,-0.005079999999999973
2026-02-11 22:22:05.265398,-0.3182,-0.4215,0.0,0.15182
2026-02-11 22:22:05.265714,-0.3182,-0.4215,0.0,0.25770000000000004
2026-02-11 22:22:05.265952,-0.3182,-0.4215,0.0,0.26908000000000004
2026-02-11 22:22:05.266120,-0.3182,-0.4215,0.0,0.08960000000000003
2026-02-11 22:22:05.266487,-0.3182,-0.4215,0.0,-0.11549999999999998
2026-02-11 22:22:05.266596,-0.3182,-0.4215,0.0,0.0016800000000000148
2026-02-11 22:22:05.266713,-0.3182,-0.4215,0.0,0.18164000000000002
2026-02-11 22:22:05.397452,-0.3182,-0.2479,0.0,0.11235000000000003
2026-02-11 22:22:05.397520,-0.3182,-0.12394999999999995,0.0,0.2631333333333334
2026-02-11 22:22:05.397744,-0.3182,0.2143666666666667,0.0,0.5482500000000001
2026-02-11 22:22:05.397947,-0.3182,0.21135000000000004,0.0,0.5106
2026-02-11 22:22:05.398112,-0.3182,0.13322000000000003,0.0,0.5106
2026-02-11 22:22:05.398274,-0.3182,0.28300000000000003,0.0,0.5106
2026-02-11 22:22:05.398392,-0.3182,0.20462000000000002,0.0,0.5106
2026-02-11 22:22:05.398628,-0.3182,0.06200000000000002,0.0,0.5106
2026-02-11 22:22:05.398719,-0.3182,-0.06653999999999997,0.0,0.5106
2026-02-11 22:22:05.398892,-0.3182,-0.20446,0.0,0.5106
2026-02-11 22:22:05.399121,-0.3182,-0.12551999999999994,0.0,0.5106
2026-02-11 22:22:05.399294,-0.3182,0.10576000000000003,0.0,0.5106
2026-02-11 22:22:05.399356,-0.3182,0.11544000000000003,0.0,0.5106
2026-02-11 22:22:05.399490,-0.3182,0.020500000000000053,0.0,0.5106
2026-02-11 22:22:05.532197,-0.3182,0.24285000000000004,0.0,0.5106
2026-02-11 22:22:05.532312,-0.3182,0.025233333333333368,0.0,0.5106
2026-02-11 22:22:05.532464,-0.3182,-0.34439999999999993,0.03423333333333311,0.5106
2026-02-11 22:22:05.532591,-0.3182,-0.9151,-0.04832500000000016,0.5106
2026-02-11 22:22:05.532774,-0.3182,-0.9151,-0.2058600000000001,0.5106
2026-02-11 22:22:05.532872,-0.3182,-0.9151,-0.10708000000000013,0.5106
2026-02-11 22:22:05.532967,-0.3182,-0.9151,-0.18746000000000013,0.5106
2026-02-11 22:22:05.533111,-0.3182,-0.9151,-0.28838000000000014,0.5106
2026-02-11 22:22:05.533233,-0.3182,-0.9151,-0.3095600000000001,0.5106
2026-02-11 22:22:05.533437,-0.3182,-0.9151,-0.006200000000000161,0.5106
2026-02-11 22:22:05.533523,-0.3182,-0.9151,-0.10498000000000016,0.5106
2026-02-11 22:22:05.533671,-0.3182,-0.9151,0.16087999999999983,0.5106
2026-02-11 22:22:05.533811,-0.3182,-0.9151,0.35273999999999983,0.5106
2026-02-11 22:22:05.534023,-0.3182,-0.9151,0.6024599999999998,0.5106
2026-02-11 22:22:05.534103,-0.3182,-0.9151,0.4662999999999998,0.5106
2026-02-11 22:22:05.705398,-0.6597,-0.9151,0.5828749999999998,0.5106
2026-02-11 22:22:05.705549,-0.38120000000000004,-0.9151,0.468033333333333,0.5106
2026-02-11 22:22:05.705879,0.06533333333333331,-0.9151,0.4233499999999995,0.5106
2026-02-11 22:22:05.706114,0.10557499999999999,-0.9151,0.0,0.5106
2026-02-11 22:22:05.706254,-0.059220000000000016,-0.9151,0.0,0.5106
2026-02-11 22:22:05.706359,-0.02262000000000003,-0.9151,0.0,0.5106
2026-02-11 22:22:05.706448,0.02351999999999997,-0.9151,0.0,0.5106
2026-02-11 22:22:05.706573,-0.34152000000000005,-0.9151,0.0,0.5106
2026-02-11 22:22:05.706622,-0.2594,-0.9151,0.0,0.5106
2026-02-11 22:22:05.706738,-0.25388,-0.9151,0.0,0.5106
2026-02-11 22:22:05.706782,-0.15854000000000004,-0.9151,0.0,0.5106
2026-02-11 22:22:05.706822,-0.18414000000000003,-0.9151,0.0,0.5106
2026-02-11 22:22:05.706927,0.11893999999999996,-0.9151,0.0,0.5106
2026-02-11 22:22:05.706966,-0.008440000000000048,-0.9151,0.0,0.5106
2026-02-11 23:21:27.529827,0.16214999999999993,-0.9151,0.0,0.6124
2026-02-11 23:21:27.529967,0.21619999999999992,-0.9151,0.0,0.7295
2026-02-11 23:21:27.530028,0.32429999999999987,-0.9151,0.0,0.48633333333333334
2026-02-11 23:21:27.530333,0.0,-0.9151,0.0,0.16862500000000005
2026-02-11 23:21:27.530614,0.0,-0.9151,0.0,-0.048819999999999954
2026-02-11 23:21:27.530683,0.0,-0.9151,0.0,-0.09091999999999997
2026-02-11 23:21:27.530872,0.0,-0.9151,0.0,-0.14875999999999998
2026-02-11 23:21:27.531052,0.0,-0.9151,0.0,-0.005079999999999973
2026-02-11 23:21:27.531135,0.0,-0.9151,0.0,0.15182
2026-02-11 23:21:27.531456,0.0,-0.9151,0.0,0.25770000000000004
2026-02-11 23:21:27.531684,0.0,-0.9151,0.0,0.26908000000000004
2026-02-11 23:21:27.531829,0.0,-0.9151,0.0,0.08960000000000003
2026-02-11 23:21:27.532199,0.0,-0.9151,0.0,-0.11549999999999998
2026-02-11 23:21:27.532304,0.0,-0.9151,0.0,0.0016800000000000148
2026-02-11 23:21:27.532415,0.0,-0.9151,0.0,0.18164000000000002
2026-02-11 23:21:27.673030,0.0,0.0,0.0,0.11235000000000003
2026-02-11 23:21:27.673199,0.0,0.17000000000000012,0.0,0.2631333333333334
2026-02-11 23:21:27.673364,0.0,0.07066666666666675,0.0,0.5482500000000001
2026-02-11 23:21:27.673464,0.0,-0.008974999999999941,0.0,0.5106
2026-02-11 23:21:27.673516,0.0,-0.007179999999999953,0.0,0.5106
2026-02-11 23:21:27.673705,0.0,0.17102000000000003,0.0,0.5106
2026-02-11 23:21:27.673878,0.0,0.14348000000000002,0.0,0.5106
2026-02-11 23:21:27.673986,0.0,0.13322000000000003,0.0,0.5106
2026-02-11 23:21:27.674197,0.0,0.28300000000000003,0.0,0.5106
2026-02-11 23:21:27.674313,0.0,0.20462000000000002,0.0,0.5106
2026-02-11 23:21:27.674543,0.0,0.06200000000000002,0.0,0.5106
2026-02-11 23:21:27.674630,0.0,-0.06653999999999997,0.0,0.5106
2026-02-11 23:21:27.674806,0.0,-0.20446,0.0,0.5106
2026-02-11 23:21:27.675010,0.0,-0.12551999999999994,0.0,0.5106
2026-02-11 23:21:27.782013,0.0,-0.05892499999999995,-0.1531,0.5106
2026-02-11 23:21:27.782094,0.0,-0.1378666666666666,-0.07655000000000045,0.5106
2026-02-11 23:21:27.782272,0.0,0.013400000000000106,-0.08526666666666698,0.5106
2026-02-11 23:21:27.782367,0.0,0.8957,-0.06395000000000023,0.5106
2026-02-11 23:21:27.782443,0.0,0.8957,-0.051160000000000184,0.5106
2026-02-11 23:21:27.782546,0.0,0.8957,-1.7763568394002506e-16,0.5106
2026-02-11 23:21:27.782652,0.0,0.8957,-0.059200000000000176,0.5106
2026-02-11 23:21:27.782812,0.0,0.8957,-0.20586000000000015,0.5106
2026-02-11 23:21:27.782897,0.0,0.8957,-0.10708000000000018,0.5106
2026-02-11 23:21:27.782977,0.0,0.8957,-0.18746000000000018,0.5106
2026-02-11 23:21:27.783082,0.0,0.8957,-0.2883800000000002,0.5106
2026-02-11 23:21:27.783189,0.0,0.8957,-0.30956000000000017,0.5106
2026-02-11 23:21:27.783366,0.0,0.8957,-0.006200000000000205,0.5106
2026-02-11 23:21:27.783445,0.0,0.8957,-0.10498000000000021,0.5106
2026-02-11 23:21:27.783585,0.0,0.8957,0.16087999999999977,0.5106
2026-02-11 23:21:28.042165,-0.6597,0.8957,0.3015749999999997,0.5106
2026-02-11 23:21:28.042293,-0.3812000000000001,0.8957,0.5360666666666662,0.5106
2026-02-11 23:21:28.042577,0.06533333333333328,0.8957,0.46369999999999945,0.5106
2026-02-11 23:21:28.042786,0.10557499999999996,0.8957,0.9274,0.5106
2026-02-11 23:21:28.042917,-0.059220000000000036,0.8957,0.9274,0.5106
2026-02-11 23:21:28.043012,-0.02262000000000005,0.8957,0.9274,0.5106
2026-02-11 23:21:28.043093,0.02351999999999995,0.8957,0.9274,0.5106
2026-02-11 23:21:28.043220,-0.34152000000000005,0.8957,0.9274,0.5106
2026-02-11 23:21:28.043262,-0.2594,0.8957,0.9274,0.5106
2026-02-11 23:21:28.043365,-0.25388000000000005,0.8957,0.9274,0.5106
2026-02-11 23:21:28.043408,-0.15854000000000007,0.8957,0.9274,0.5106
2026-02-11 23:21:28.043443,-0.18414000000000005,0.8957,0.9274,0.5106
2026-02-11 23:21:28.043546,0.11893999999999993,0.8957,0.9274,0.5106
2026-02-12 01:02:59.242137,-0.010550000000000087,0.8957,0.9274,0.1531
2026-02-12 01:02:59.242206,0.21619999999999986,0.8957,0.9274,0.18970000000000006
2026-02-12 01:02:59.242450,0.3242999999999998,0.8957,0.9274,0.33060000000000006
2026-02-12 01:02:59.242585,0.6486,0.8957,0.9274,0.45960000000000006
2026-02-12 01:02:59.242644,0.6486,0.8957,0.9274,0.36768000000000006
2026-02-12 01:02:59.242898,0.6486,0.8957,0.9274,0.18016000000000004
2026-02-12 01:02:59.243148,0.6486,0.8957,0.9274,-0.04881999999999993
2026-02-12 01:02:59.243214,0.6486,0.8957,0.9274,-0.09091999999999995
2026-02-12 01:02:59.243386,0.6486,0.8957,0.9274,-0.14875999999999995
2026-02-12 01:02:59.243558,0.6486,0.8957,0.9274,-0.005079999999999929
2026-02-12 01:02:59.243635,0.6486,0.8957,0.9274,0.15182000000000007
2026-02-12 01:02:59.243916,0.6486,0.8957,0.9274,0.25770000000000004
2026-02-12 01:02:59.244127,0.6486,0.8957,0.9274,0.26908000000000004
2026-02-12 01:02:59.244260,0.6486,0.8957,0.9274,0.08960000000000007
2026-02-12 01:02:59.244585,0.6486,0.8957,0.9274,-0.11549999999999994
2026-02-12 01:02:59.462398,0.6486,0.1531,0.9274,-0.14437499999999992
2026-02-12 01:02:59.462461,0.6486,0.18970000000000006,0.9274,-0.06276666666666657
2026-02-12 01:02:59.462616,0.6486,0.19333333333333336,0.9274,-0.32354999999999984
2026-02-12 01:02:59.462724,0.6486,-0.008099999999999996,0.9274,-0.3071
2026-02-12 01:02:59.462797,0.6486,0.08528,0.9274,-0.3071
2026-02-12 01:02:59.462841,0.6486,0.05466,0.9274,-0.3071
2026-02-12 01:02:59.462952,0.6486,0.0774,0.9274,-0.3071
2026-02-12 01:02:59.463094,0.6486,0.011680000000000001,0.9274,-0.3071
2026-02-12 01:02:59.463183,0.6486,0.08458000000000002,0.9274,-0.3071
2026-02-12 01:02:59.463227,0.6486,-0.007179999999999987,0.9274,-0.3071
2026-02-12 01:02:59.463400,0.6486,0.17102,0.9274,-0.3071
2026-02-12 01:02:59.463570,0.6486,0.14348000000000002,0.9274,-0.3071
2026-02-12 01:02:59.463669,0.6486,0.13322000000000003,0.9274,-0.3071
2026-02-12 01:02:59.463806,0.6486,0.28300000000000003,0.9274,-0.3071
2026-02-12 01:03:04.061466,0.6486,0.35375,0.0,-0.3071
2026-02-12 01:03:04.061559,0.6486,0.17466666666666666,0.0,-0.3071
2026-02-12 01:03:04.061647,0.6486,0.16085,0.0,-0.3071
2026-02-12 01:03:04.061763,0.6486,0.501,-0.03200000000000028,-0.3071
2026-02-12 01:03:04.061828,0.6486,0.501,-0.05622000000000023,-0.3071
2026-02-12 01:03:04.061888,0.6486,0.501,-0.05622000000000023,-0.3071
2026-02-12 01:03:04.062021,0.6486,0.501,-0.07676000000000023,-0.3071
2026-02-12 01:03:04.062101,0.6486,0.501,-0.07676000000000023,-0.3071
2026-02-12 01:03:04.062166,0.6486,0.501,-0.051160000000000226,-0.3071
2026-02-12 01:03:04.062264,0.6486,0.501,-2.220446049250313e-16,-0.3071
2026-02-12 01:03:04.062362,0.6486,0.501,-0.05920000000000022,-0.3071
2026-02-12 01:03:04.062516,0.6486,0.501,-0.2058600000000002,-0.3071
2026-02-12 01:03:04.062597,0.6486,0.501,-0.10708000000000022,-0.3071
2026-02-12 01:03:04.062674,0.6486,0.501,-0.18746000000000024,-0.3071
2026-02-12 01:03:04.062772,0.6486,0.501,-0.2883800000000002,-0.3071
2026-02-12 01:03:04.341121,-0.7906,0.501,-0.28647500000000026,-0.3071
2026-02-12 01:03:04.341286,-0.16590000000000016,0.501,-0.10330000000000039,-0.3071
2026-02-12 01:03:04.341388,-0.0546000000000001,0.501,-0.4019,-0.3071
2026-02-12 01:03:04.341482,0.03859999999999992,0.501,-0.4019,-0.3071
2026-02-12 01:03:04.341649,0.10311999999999995,0.501,-0.4019,-0.3071
2026-02-12 01:03:04.341707,0.2766799999999999,0.501,-0.4019,-0.3071
2026-02-12 01:03:04.341864,0.16691999999999993,0.501,-0.4019,-0.3071
2026-02-12 01:03:04.341967,0.22139999999999996,0.501,-0.4019,-0.3071
2026-02-12 01:03:04.342062,0.19821999999999995,0.501,-0.4019,-0.3071
2026-02-12 01:03:04.342216,0.26008,0.501,-0.4019,-0.3071
2026-02-12 01:03:04.342406,0.11269999999999995,0.501,-0.4019,-0.3071
2026-02-12 01:03:04.342513,0.11015999999999995,0.501,-0.4019,-0.3071
2026-02-12 04:12:15.157438,0.02759999999999993,0.501,-0.4019,-0.8176
2026-02-12 04:12:15.157580,-0.03063333333333343,0.501,-0.4019,-0.12284999999999985
2026-02-12 04:12:15.157836,-0.38120000000000015,0.501,-0.4019,-0.03086666666666656
2026-02-12 04:12:15.157913,-0.1027,0.501,-0.4019,0.03342500000000008
2026-02-12 04:12:15.158169,-0.1027,0.501,-0.4019,0.14922000000000007
2026-02-12 04:12:15.158285,-0.1027,0.501,-0.4019,0.48206000000000004
2026-02-12 04:12:15.158338,-0.1027,0.501,-0.4019,0.3676800000000001
2026-02-12 04:12:15.158591,-0.1027,0.501,-0.4019,0.1801600000000001
2026-02-12 04:12:15.158842,-0.1027,0.501,-0.4019,-0.048819999999999884
2026-02-12 04:12:15.158915,-0.1027,0.501,-0.4019,-0.0909199999999999
2026-02-12 04:12:15.159085,-0.1027,0.501,-0.4019,-0.1487599999999999
2026-02-12 04:12:15.159248,-0.1027,0.501,-0.4019,-0.005079999999999885
2026-02-12 04:12:15.159326,-0.1027,0.501,-0.4019,0.15182000000000012
2026-02-12 04:12:15.159603,-0.1027,0.501,-0.4019,0.25770000000000015
2026-02-12 04:12:15.159815,-0.1027,0.501,-0.4019,0.2690800000000001
2026-02-12 04:12:15.522089,-0.1027,-0.4215,-0.4019,0.19700000000000017
2026-02-12 04:12:15.522215,-0.1027,-0.18494999999999995,-0.4019,0.02320000000000022
2026-02-12 04:12:15.522352,-0.1027,-0.06399999999999996,-0.4019,0.03480000000000033
2026-02-12 04:12:15.522462,-0.1027,-0.028699999999999965,-0.4019,0.4588
2026-02-12 04:12:15.522614,-0.1027,0.04928000000000003,-0.4019,0.4588
2026-02-12 04:12:15.522813,-0.1027,0.06994000000000003,-0.4019,0.4588
2026-02-12 04:12:15.523003,-0.1027,0.24870000000000006,-0.4019,0.4588
2026-02-12 04:12:15.523231,-0.1027,0.24374000000000007,-0.4019,0.4588
2026-02-12 04:12:15.523282,-0.1027,0.27356,-0.4019,0.4588
2026-02-12 04:12:15.523415,-0.1027,0.24144000000000004,-0.4019,0.4588
2026-02-12 04:12:15.523516,-0.1027,0.18260000000000004,-0.4019,0.4588
2026-02-12 04:12:15.523587,-0.1027,0.08528000000000005,-0.4019,0.4588
2026-02-12 04:12:15.523628,-0.1027,0.05466000000000004,-0.4019,0.4588
2026-02-12 04:12:15.523736,-0.1027,0.07740000000000005,-0.4019,0.4588
2026-02-12 04:12:15.523880,-0.1027,0.011680000000000046,-0.4019,0.4588
2026-02-12 04:12:15.727453,-0.1027,0.16770000000000007,-0.802,0.4588
2026-02-12 04:12:15.727627,-0.1027,0.07066666666666677,-0.08255000000000062,0.4588
2026-02-12 04:12:15.727736,-0.1027,0.10600000000000015,-0.09770000000000041,0.4588
2026-02-12 04:12:15.727785,-0.1027,-0.128,-0.07327500000000031,0.4588
2026-02-12 04:12:15.727875,-0.1027,-0.128,-0.05862000000000025,0.4588
2026-02-12 04:12:15.727949,-0.1027,-0.128,0.10177999999999976,0.4588
2026-02-12 04:12:15.728025,-0.1027,-0.128,-0.025600000000000244,0.4588
2026-02-12 04:12:15.728132,-0.1027,-0.128,-0.025600000000000244,0.4588
2026-02-12 04:12:15.728196,-0.1027,-0.128,-0.05622000000000025,0.4588
2026-02-12 04:12:15.728253,-0.1027,-0.128,-0.05622000000000025,0.4588
2026-02-12 04:12:15.728384,-0.1027,-0.128,-0.07676000000000024,0.4588
2026-02-12 04:12:15.728464,-0.1027,-0.128,-0.07676000000000024,0.4588
2026-02-12 04:12:15.728533,-0.1027,-0.128,-0.05116000000000025,0.4588
2026-02-12 04:12:15.728629,-0.1027,-0.128,-2.4424906541753446e-16,0.4588
2026-02-12 04:12:15.728725,-0.1027,-0.128,-0.05920000000000024,0.4588
2026-02-12 04:12:16.144096,-0.8176,-0.128,-0.0483250000000003,0.4588
2026-02-12 04:12:16.144299,-0.7863000000000002,-0.128,-0.06443333333333373,0.4588
2026-02-12 04:12:16.144544,-0.24043333333333347,-0.128,-0.0966500000000006,0.4588
2026-02-12 04:12:16.144808,0.0631749999999999,-0.128,-0.296,0.4588
2026-02-12 04:12:16.145043,0.1649199999999999,-0.128,-0.296,0.4588
2026-02-12 04:12:16.145163,0.4729799999999999,-0.128,-0.296,0.4588
2026-02-12 04:12:16.145288,0.8044199999999998,-0.128,-0.296,0.4588
2026-02-12 04:12:16.145435,0.4760399999999999,-0.128,-0.296,0.4588
2026-02-12 04:12:16.145584,0.37299999999999994,-0.128,-0.296,0.4588
2026-02-12 04:12:16.145685,0.29222,-0.128,-0.296,0.4588
2026-02-12 04:12:16.145775,0.2113199999999999,-0.128,-0.296,0.4588
2026-02-12 04:12:16.145936,0.10311999999999992,-0.128,-0.296,0.4588
2026-02-12 04:12:16.145996,0.2766799999999999,-0.128,-0.296,0.4588
2026-02-12 04:12:16.146155,0.16691999999999993,-0.128,-0.296,0.4588
2026-02-12 05:56:54.588559,0.1666499999999999,-0.128,-0.296,-0.8176
2026-02-12 05:56:54.588734,0.11613333333333324,-0.128,-0.296,-0.12284999999999974
2026-02-12 05:56:54.589036,-0.0064000000000001556,-0.128,-0.296,-0.030866666666666487
2026-02-12 05:56:54.589099,-0.09,-0.128,-0.296,0.033425000000000135
2026-02-12 05:56:54.589359,-0.09,-0.128,-0.296,0.14922000000000013
2026-02-12 05:56:54.589479,-0.09,-0.128,-0.296,0.48206000000000016
2026-02-12 05:56:54.589534,-0.09,-0.128,-0.296,0.3676800000000001
2026-02-12 05:56:54.589830,-0.09,-0.128,-0.296,0.18016000000000015
2026-02-12 05:56:54.590111,-0.09,-0.128,-0.296,-0.04881999999999984
2026-02-12 05:56:54.590183,-0.09,-0.128,-0.296,-0.09091999999999986
2026-02-12 05:56:54.590370,-0.09,-0.128,-0.296,-0.14875999999999984
2026-02-12 05:56:54.590555,-0.09,-0.128,-0.296,-0.00507999999999984
2026-02-12 05:56:54.590639,-0.09,-0.128,-0.296,0.15182000000000015
2026-02-12 05:56:54.590963,-0.09,-0.128,-0.296,0.25770000000000015
2026-02-12 05:56:54.591197,-0.09,-0.128,-0.296,0.2690800000000001
2026-02-12 05:56:54.690128,-0.09,0.2382,-0.296,0.19700000000000017
2026-02-12 05:56:54.690342,-0.09,0.5129000000000001,-0.296,0.02320000000000022
2026-02-12 05:56:54.690411,-0.09,0.25086666666666674,-0.296,0.03480000000000033
2026-02-12 05:56:54.690650,-0.09,0.18815000000000007,-0.296,0.4588
2026-02-12 05:56:54.690752,-0.09,0.09588000000000005,-0.296,0.4588
2026-02-12 05:56:54.691103,-0.09,-0.11237999999999995,-0.296,0.4588
2026-02-12 05:56:54.691279,-0.09,-0.10027999999999995,-0.296,0.4588
2026-02-12 05:56:54.691417,-0.09,-0.12171999999999997,-0.296,0.4588
2026-02-12 05:56:54.691556,-0.09,-0.07645999999999994,-0.296,0.4588
2026-02-12 05:56:54.691711,-0.09,-0.10611999999999995,-0.296,0.4588
2026-02-12 05:56:54.691833,-0.09,0.06482000000000006,-0.296,0.4588
2026-02-12 05:56:54.691971,-0.09,-0.06921999999999992,-0.296,0.4588
2026-02-12 05:56:54.692084,-0.09,0.022300000000000073,-0.296,0.4588
2026-02-12 05:56:54.793028,-0.09,-0.02869999999999991,-0.6739,0.4588
2026-02-12 05:56:54.793137,-0.09,0.10223333333333345,-0.11750000000000063,0.4588
2026-02-12 05:56:54.793296,-0.09,0.1275500000000002,0.15996666666666623,0.4588
2026-02-12 05:56:54.793615,-0.09,0.0772,0.3572249999999997,0.4588
2026-02-12 05:56:54.793821,-0.09,0.0772,0.12537999999999971,0.4588
2026-02-12 05:56:54.793999,-0.09,0.0772,0.3875399999999997,0.4588
2026-02-12 05:56:54.794108,-0.09,0.0772,0.27415999999999974,0.4588
2026-02-12 05:56:54.794158,-0.09,0.0772,0.13117999999999974,0.4588
2026-02-12 05:56:54.794235,-0.09,0.0772,-0.05862000000000025,0.4588
2026-02-12 05:56:54.794305,-0.09,0.0772,0.10177999999999976,0.4588
2026-02-12 05:56:54.794384,-0.09,0.0772,-0.025600000000000244,0.4588
2026-02-12 05:56:54.794492,-0.09,0.0772,-0.025600000000000244,0.4588
2026-02-12 05:56:54.794558,-0.09,0.0772,-0.05622000000000025,0.4588
2026-02-12 05:56:54.794619,-0.09,0.0772,-0.05622000000000025,0.4588
2026-02-12 05:56:54.794780,-0.09,0.0772,-0.07676000000000024,0.4588
2026-02-12 05:56:54.928337,0.6249,0.0772,-0.09595000000000031,0.4588
2026-02-12 05:56:54.928425,0.42559999999999987,0.0772,-0.08526666666666709,0.4588
2026-02-12 05:56:54.928501,0.3591666666666666,0.0772,-0.05135000000000062,0.4588
2026-02-12 05:56:54.928651,0.2693749999999999,0.0772,-0.1027,0.4588
2026-02-12 05:56:54.928750,0.21549999999999994,0.0772,-0.1027,0.4588
2026-02-12 05:56:54.928891,0.2415799999999999,0.0772,-0.1027,0.4588
2026-02-12 05:56:54.929029,0.02405999999999995,0.0772,-0.1027,0.4588
2026-02-12 05:56:54.929232,0.019259999999999937,0.0772,-0.1027,0.4588
2026-02-12 05:56:54.929426,0.20183999999999994,0.0772,-0.1027,0.4588
2026-02-12 05:56:54.929550,0.21215999999999996,0.0772,-0.1027,0.4588
2026-02-12 05:56:54.929745,0.08669999999999996,0.0772,-0.1027,0.4588
2026-02-12 05:56:54.929851,0.2945399999999999,0.0772,-0.1027,0.4588
2026-02-12 05:56:54.930022,0.4176,0.0772,-0.1027,0.4588
2026-02-12 06:52:01.306950,0.293775,0.0772,-0.1027,-0.8979
2026-02-12 06:52:01.307116,0.3745,0.0772,-0.1027,-0.8577499999999996
2026-02-12 06:52:01.307244,0.49774999999999997,0.0772,-0.1027,-0.38119999999999976
2026-02-12 06:52:01.307505,0.8176,0.0772,-0.1027,-0.24762499999999982
2026-02-12 06:52:01.307562,0.8176,0.0772,-0.1027,-0.15283999999999986
2026-02-12 06:52:01.307820,0.8176,0.0772,-0.1027,0.14922000000000016
2026-02-12 06:52:01.307937,0.8176,0.0772,-0.1027,0.48206000000000016
2026-02-12 06:52:01.307989,0.8176,0.0772,-0.1027,0.3676800000000002
2026-02-12 06:52:01.308264,0.8176,0.0772,-0.1027,0.18016000000000015
2026-02-12 06:52:01.308537,0.8176,0.0772,-0.1027,-0.04881999999999984
2026-02-12 06:52:01.308607,0.8176,0.0772,-0.1027,-0.09091999999999986
2026-02-12 06:52:01.308808,0.8176,0.0772,-0.1027,-0.14875999999999984
2026-02-12 06:52:01.308990,0.8176,0.0772,-0.1027,-0.00507999999999984
2026-02-12 06:52:01.309072,0.8176,0.0772,-0.1027,0.15182000000000015
2026-02-12 06:52:01.309376,0.8176,0.0772,-0.1027,0.25770000000000015
2026-02-12 06:52:01.465472,0.8176,0.3612,-0.1027,0.22165000000000018
2026-02-12 06:52:01.465744,0.8176,0.2997000000000002,-0.1027,0.10973333333333361
2026-02-12 06:52:01.465981,0.8176,0.4623333333333335,-0.1027,-0.1945999999999996
2026-02-12 06:52:01.466044,0.8176,0.2784500000000001,-0.1027,-0.3892
2026-02-12 06:52:01.466293,0.8176,0.22276000000000007,-0.1027,-0.3892
2026-02-12 06:52:01.466349,0.8176,0.09588000000000008,-0.1027,-0.3892
2026-02-12 06:52:01.466698,0.8176,-0.11237999999999995,-0.1027,-0.3892
2026-02-12 06:52:01.466874,0.8176,-0.10027999999999995,-0.1027,-0.3892
2026-02-12 06:52:01.466990,0.8176,-0.12171999999999997,-0.1027,-0.3892
2026-02-12 06:52:01.467120,0.8176,-0.07645999999999994,-0.1027,-0.3892
2026-02-12 06:52:01.467259,0.8176,-0.10611999999999995,-0.1027,-0.3892
2026-02-12 06:52:01.467369,0.8176,0.06482000000000006,-0.1027,-0.3892
2026-02-12 06:52:01.467503,0.8176,-0.06921999999999992,-0.1027,-0.3892
2026-02-12 06:52:01.626007,0.8176,0.008575000000000096,0.8442,-0.3892
2026-02-12 06:52:01.626148,0.8176,-0.06399999999999988,0.7935999999999994,-0.3892
2026-02-12 06:52:01.626328,0.8176,0.11475000000000019,0.7046333333333329,-0.3892
2026-02-12 06:52:01.626473,0.8176,0.1779,0.7303249999999997,-0.3892
2026-02-12 06:52:01.626534,0.8176,0.1779,0.4494799999999997,-0.3892
2026-02-12 06:52:01.626617,0.8176,0.1779,0.36841999999999975,-0.3892
2026-02-12 06:52:01.626759,0.8176,0.1779,0.36279999999999973,-0.3892
2026-02-12 06:52:01.627020,0.8176,0.1779,0.4472599999999997,-0.3892
2026-02-12 06:52:01.627208,0.8176,0.1779,0.12537999999999977,-0.3892
2026-02-12 06:52:01.627380,0.8176,0.1779,0.3875399999999998,-0.3892
2026-02-12 06:52:01.627489,0.8176,0.1779,0.27415999999999974,-0.3892
2026-02-12 06:52:01.627538,0.8176,0.1779,0.13117999999999974,-0.3892
2026-02-12 06:52:01.627615,0.8176,0.1779,-0.05862000000000025,-0.3892
2026-02-12 06:52:01.627703,0.8176,0.1779,0.10177999999999976,-0.3892
2026-02-12 06:52:01.627790,0.8176,0.1779,-0.025600000000000244,-0.3892
2026-02-12 06:52:01.785865,0.0,0.1779,0.0,-0.3892
2026-02-12 06:52:01.786169,-0.4489500000000002,0.1779,0.0,-0.3892
2026-02-12 06:52:01.786444,-0.5601000000000002,0.1779,0.0,-0.3892
2026-02-12 06:52:01.786620,-0.2966000000000001,0.1779,0.0,-0.3892
2026-02-12 06:52:01.786733,-0.3052800000000001,0.1779,0.0,-0.3892
2026-02-12 06:52:01.786812,-0.38566000000000006,0.1779,0.0,-0.3892
2026-02-12 06:52:01.786916,-0.07636000000000005,0.1779,0.0,-0.3892
2026-02-12 06:52:01.786964,0.059579999999999925,0.1779,0.0,-0.3892
2026-02-12 06:52:01.787092,0.12875999999999993,0.1779,0.0,-0.3892
2026-02-12 06:52:01.787322,0.3217399999999999,0.1779,0.0,-0.3892
2026-02-12 06:52:01.787395,0.44738,0.1779,0.0,-0.3892
2026-02-12 06:52:01.787459,0.3629199999999999,0.1779,0.0,-0.3892
2026-02-12 06:52:01.787599,0.3834599999999999,0.1779,0.0,-0.3892
2026-02-12 06:52:01.787687,0.21549999999999994,0.1779,0.0,-0.3892
2026-02-12 07:43:31.781860,0.11314999999999989,0.1779,0.0,-0.8979
2026-02-12 07:43:31.782032,0.07543333333333319,0.1779,0.0,-0.8577499999999996
2026-02-12 07:43:31.782179,0.0,0.1779,0.0,-0.38119999999999976
2026-02-12 07:43:31.782441,0.0,0.1779,0.0,-0.24762499999999982
2026-02-12 07:43:31.782498,0.0,0.1779,0.0,-0.15283999999999986
2026-02-12 07:43:31.782734,0.0,0.1779,0.0,0.14922000000000016
2026-02-12 07:43:31.782852,0.0,0.1779,0.0,0.48206000000000016
2026-02-12 07:43:31.782904,0.0,0.1779,0.0,0.3676800000000002
2026-02-12 07:43:31.783190,0.0,0.1779,0.0,0.18016000000000015
2026-02-12 07:43:31.783461,0.0,0.1779,0.0,-0.04881999999999984
2026-02-12 07:43:31.783530,0.0,0.1779,0.0,-0.09091999999999986
2026-02-12 07:43:31.783712,0.0,0.1779,0.0,-0.14875999999999984
2026-02-12 07:43:31.783889,0.0,0.1779,0.0,-0.00507999999999984
2026-02-12 07:43:31.783971,0.0,0.1779,0.0,0.15182000000000015
2026-02-12 07:43:31.784288,0.0,0.1779,0.0,0.25770000000000015
2026-02-12 07:43:32.112262,0.0,0.6199,0.0,0.22165000000000018
2026-02-12 07:43:32.112358,0.0,0.3228500000000002,0.0,0.10973333333333361
2026-02-12 07:43:32.112414,0.0,0.21523333333333347,0.0,-0.1945999999999996
2026-02-12 07:43:32.112525,0.0,0.2060750000000001,0.0,-0.3892
2026-02-12 07:43:32.112670,0.0,0.31188000000000005,0.0,-0.3892
2026-02-12 07:43:32.112888,0.0,0.2601400000000001,0.0,-0.3892
2026-02-12 07:43:32.113109,0.0,0.30262000000000006,0.0,-0.3892
2026-02-12 07:43:32.113299,0.0,0.4601400000000001,0.0,-0.3892
2026-02-12 07:43:32.113359,0.0,0.3697800000000001,0.0,-0.3892
2026-02-12 07:43:32.113595,0.0,0.22276000000000007,0.0,-0.3892
2026-02-12 07:43:32.113648,0.0,0.09588000000000008,0.0,-0.3892
2026-02-12 07:43:32.113962,0.0,-0.11237999999999995,0.0,-0.3892
2026-02-12 07:43:32.114137,0.0,-0.10027999999999995,0.0,-0.3892
2026-02-12 07:43:32.114250,0.0,-0.12171999999999997,0.0,-0.3892
2026-02-12 07:43:32.274250,0.0,-0.15214999999999995,0.0,-0.3892
2026-02-12 07:43:32.274518,0.0,-0.11179999999999994,0.3547999999999994,-0.3892
2026-02-12 07:43:32.274690,0.0,0.2338500000000001,0.5179333333333329,-0.3892
2026-02-12 07:43:32.274811,0.0,-0.3804,0.5741999999999997,-0.3892
2026-02-12 07:43:32.274971,0.0,-0.3804,0.5646999999999998,-0.3892
2026-02-12 07:43:32.275116,0.0,-0.3804,0.7261799999999997,-0.3892
2026-02-12 07:43:32.275160,0.0,-0.3804,0.4494799999999997,-0.3892
2026-02-12 07:43:32.275240,0.0,-0.3804,0.36841999999999975,-0.3892
2026-02-12 07:43:32.275359,0.0,-0.3804,0.36279999999999973,-0.3892
2026-02-12 07:43:32.275622,0.0,-0.3804,0.4472599999999997,-0.3892
2026-02-12 07:43:32.275805,0.0,-0.3804,0.12537999999999977,-0.3892
2026-02-12 07:43:32.275970,0.0,-0.3804,0.3875399999999998,-0.3892
2026-02-12 07:43:32.276073,0.0,-0.3804,0.27415999999999974,-0.3892
2026-02-12 07:43:32.276134,0.0,-0.3804,0.13117999999999974,-0.3892
2026-02-12 07:43:32.276214,0.0,-0.3804,-0.05862000000000025,-0.3892
2026-02-12 07:43:32.463478,-0.9514,-0.3804,0.1272249999999997,-0.3892
2026-02-12 07:43:32.463784,-0.10420000000000018,-0.3804,-0.042666666666667075,-0.3892
2026-02-12 07:43:32.463963,-0.33680000000000015,-0.3804,0.0,-0.3892
2026-02-12 07:43:32.464181,-0.0708750000000001,-0.3804,0.0,-0.3892
2026-02-12 07:43:32.464383,0.1087199999999999,-0.3804,0.0,-0.3892
2026-02-12 07:43:32.464503,0.20723999999999992,-0.3804,0.0,-0.3892
2026-02-12 07:43:32.464817,-0.07952000000000008,-0.3804,0.0,-0.3892
2026-02-12 07:43:32.465011,-0.10184000000000007,-0.3804,0.0,-0.3892
2026-02-12 07:43:32.465091,-0.24722000000000008,-0.3804,0.0,-0.3892
2026-02-12 07:43:32.465368,-0.59222,-0.3804,0.0,-0.3892
2026-02-12 07:43:32.465623,-0.65694,-0.3804,0.0,-0.3892
2026-02-12 07:43:32.465768,-0.42000000000000004,-0.3804,0.0,-0.3892
2026-02-12 07:43:32.465841,-0.3176600000000001,-0.3804,0.0,-0.3892
2026-02-12 07:43:32.465918,-0.38566,-0.3804,0.0,-0.3892
2026-02-12 07:43:32.466021,-0.07636000000000007,-0.3804,0.0,-0.3892
2026-02-12 08:31:41.549984,0.1001499999999999,-0.3804,0.0,-0.8979
2026-02-12 08:31:41.550156,-0.031100000000000128,-0.3804,0.0,-0.8577499999999996
2026-02-12 08:31:41.550280,0.1542999999999998,-0.3804,0.0,-0.38119999999999976
2026-02-12 08:31:41.550535,0.6486,-0.3804,0.0,-0.24762499999999982
2026-02-12 08:31:41.550592,0.6486,-0.3804,0.0,-0.15283999999999986
2026-02-12 08:31:41.550822,0.6486,-0.3804,0.0,0.14922000000000016
2026-02-12 08:31:41.550953,0.6486,-0.3804,0.0,0.48206000000000016
2026-02-12 08:31:41.551008,0.6486,-0.3804,0.0,0.3676800000000002
2026-02-12 08:31:41.551283,0.6486,-0.3804,0.0,0.18016000000000015
2026-02-12 08:31:41.551552,0.6486,-0.3804,0.0,-0.04881999999999984
2026-02-12 08:31:41.551621,0.6486,-0.3804,0.0,-0.09091999999999986
2026-02-12 08:31:41.551804,0.6486,-0.3804,0.0,-0.14875999999999984
2026-02-12 08:31:41.551990,0.6486,-0.3804,0.0,-0.00507999999999984
2026-02-12 08:31:41.552073,0.6486,-0.3804,0.0,0.15182000000000015
2026-02-12 08:31:41.552373,0.6486,-0.3804,0.0,0.25770000000000015
2026-02-12 08:31:41.713291,0.6486,0.6199,0.0,0.22165000000000018
2026-02-12 08:31:41.713392,0.6486,0.3228500000000002,0.0,0.10973333333333361
2026-02-12 08:31:41.713449,0.6486,0.21523333333333347,0.0,-0.1945999999999996
2026-02-12 08:31:41.713561,0.6486,0.2060750000000001,0.0,-0.3892
2026-02-12 08:31:41.713706,0.6486,0.31188000000000005,0.0,-0.3892
2026-02-12 08:31:41.713955,0.6486,0.2601400000000001,0.0,-0.3892
2026-02-12 08:31:41.714160,0.6486,0.30262000000000006,0.0,-0.3892
2026-02-12 08:31:41.714334,0.6486,0.4601400000000001,0.0,-0.3892
2026-02-12 08:31:41.714396,0.6486,0.3697800000000001,0.0,-0.3892
2026-02-12 08:31:41.714634,0.6486,0.22276000000000007,0.0,-0.3892
2026-02-12 08:31:41.714690,0.6486,0.09588000000000008,0.0,-0.3892
2026-02-12 08:31:41.715024,0.6486,-0.11237999999999995,0.0,-0.3892
2026-02-12 08:31:41.715193,0.6486,-0.10027999999999995,0.0,-0.3892
2026-02-12 08:31:41.715309,0.6486,-0.12171999999999997,0.0,-0.3892
2026-02-12 08:31:41.878171,0.6486,-0.15214999999999995,0.0,-0.3892
2026-02-12 08:31:41.878447,0.6486,-0.11179999999999994,0.20094999999999938,-0.3892
2026-02-12 08:31:41.878497,0.6486,0.2338500000000001,0.13396666666666626,-0.3892
2026-02-12 08:31:41.878747,0.6486,-0.3804,0.2778749999999997,-0.3892
2026-02-12 08:31:41.878928,0.6486,-0.3804,0.39113999999999977,-0.3892
2026-02-12 08:31:41.879049,0.6486,-0.3804,0.5397399999999998,-0.3892
2026-02-12 08:31:41.879212,0.6486,-0.3804,0.5646999999999998,-0.3892
2026-02-12 08:31:41.879346,0.6486,-0.3804,0.7261799999999997,-0.3892
2026-02-12 08:31:41.879391,0.6486,-0.3804,0.44947999999999977,-0.3892
2026-02-12 08:31:41.879470,0.6486,-0.3804,0.3684199999999998,-0.3892
2026-02-12 08:31:41.879594,0.6486,-0.3804,0.36279999999999973,-0.3892
2026-02-12 08:31:41.879852,0.6486,-0.3804,0.4472599999999997,-0.3892
2026-02-12 08:31:41.880097,0.6486,-0.3804,0.12537999999999977,-0.3892
2026-02-12 08:31:41.880277,0.6486,-0.3804,0.3875399999999998,-0.3892
2026-02-12 08:31:41.880386,0.6486,-0.3804,0.27415999999999974,-0.3892
2026-02-12 08:31:42.214506,0.1779,-0.3804,0.16397499999999965,-0.3892
2026-02-12 08:31:42.214650,0.29969999999999986,-0.3804,-0.09770000000000045,-0.3892
2026-02-12 08:31:42.214794,0.3995999999999999,-0.3804,0.25444999999999934,-0.3892
2026-02-12 08:31:42.214932,0.2201499999999999,-0.3804,-0.128,-0.3892
2026-02-12 08:31:42.215041,0.3231399999999999,-0.3804,-0.128,-0.3892
2026-02-12 08:31:42.215192,0.34643999999999997,-0.3804,-0.128,-0.3892
2026-02-12 08:31:42.215417,0.07185999999999995,-0.3804,-0.128,-0.3892
2026-02-12 08:31:42.215726,0.10057999999999992,-0.3804,-0.128,-0.3892
2026-02-12 08:31:42.215914,0.0038199999999998903,-0.3804,-0.128,-0.3892
2026-02-12 08:31:42.216116,0.0021799999999999155,-0.3804,-0.128,-0.3892
2026-02-12 08:31:42.216315,0.1087199999999999,-0.3804,-0.128,-0.3892
2026-02-12 08:31:42.216430,0.20723999999999992,-0.3804,-0.128,-0.3892
2026-02-12 08:31:42.216737,-0.07952000000000008,-0.3804,-0.128,-0.3892
2026-02-12 08:31:42.216928,-0.10184000000000007,-0.3804,-0.128,-0.3892
2026-02-12 08:31:42.217009,-0.24722000000000008,-0.3804,-0.128,-0.3892
2026-02-12 09:36:12.252746,-0.5158,-0.3804,-0.128,-0.8979
2026-02-12 09:36:12.252945,-0.5348,-0.3804,-0.128,-0.8577499999999996
2026-02-12 09:36:12.253097,-0.45680000000000015,-0.3804,-0.128,-0.38119999999999976
2026-02-12 09:36:12.253365,0.0,-0.3804,-0.128,-0.24762499999999982
2026-02-12 09:36:12.253439,0.0,-0.3804,-0.128,-0.15283999999999986
2026-02-12 09:36:12.253685,0.0,-0.3804,-0.128,0.14922000000000016
2026-02-12 09:36:12.253804,0.0,-0.3804,-0.128,0.48206000000000016
2026-02-12 09:36:12.253859,0.0,-0.3804,-0.128,0.3676800000000002
2026-02-12 09:36:12.254140,0.0,-0.3804,-0.128,0.18016000000000015
2026-02-12 09:36:12.254435,0.0,-0.3804,-0.128,-0.04881999999999984
2026-02-12 09:36:12.254511,0.0,-0.3804,-0.128,-0.09091999999999986
2026-02-12 09:36:12.254698,0.0,-0.3804,-0.128,-0.14875999999999984
2026-02-12 09:36:12.254877,0.0,-0.3804,-0.128,-0.00507999999999984
2026-02-12 09:36:12.254961,0.0,-0.3804,-0.128,0.15182000000000015
2026-02-12 09:36:12.255267,0.0,-0.3804,-0.128,0.25770000000000015
2026-02-12 09:36:12.381481,0.0,0.6199,-0.128,0.22165000000000018
2026-02-12 09:36:12.381582,0.0,0.3228500000000002,-0.128,0.10973333333333361
2026-02-12 09:36:12.381646,0.0,0.21523333333333347,-0.128,-0.1945999999999996
2026-02-12 09:36:12.381766,0.0,0.2060750000000001,-0.128,-0.3892
2026-02-12 09:36:12.381920,0.0,0.31188000000000005,-0.128,-0.3892
2026-02-12 09:36:12.382172,0.0,0.2601400000000001,-0.128,-0.3892
2026-02-12 09:36:12.382387,0.0,0.30262000000000006,-0.128,-0.3892
2026-02-12 09:36:12.382573,0.0,0.4601400000000001,-0.128,-0.3892
2026-02-12 09:36:12.382631,0.0,0.3697800000000001,-0.128,-0.3892
2026-02-12 09:36:12.382868,0.0,0.22276000000000007,-0.128,-0.3892
2026-02-12 09:36:12.382922,0.0,0.09588000000000008,-0.128,-0.3892
2026-02-12 09:36:12.383237,0.0,-0.11237999999999995,-0.128,-0.3892
2026-02-12 09:36:12.383415,0.0,-0.10027999999999995,-0.128,-0.3892
2026-02-12 09:36:12.383534,0.0,-0.12171999999999997,-0.128,-0.3892
2026-02-12 09:36:12.639830,0.0,-0.15214999999999995,0.0,-0.3892
2026-02-12 09:36:12.639940,0.0,-0.11179999999999994,0.0,-0.3892
2026-02-12 09:36:12.640217,0.0,0.2338500000000001,0.13396666666666626,-0.3892
2026-02-12 09:36:12.640269,0.0,-0.3804,0.10047499999999969,-0.3892
2026-02-12 09:36:12.640548,0.0,-0.3804,0.22229999999999978,-0.3892
2026-02-12 09:36:12.640718,0.0,-0.3804,0.39113999999999977,-0.3892
2026-02-12 09:36:12.640846,0.0,-0.3804,0.5397399999999998,-0.3892
2026-02-12 09:36:12.641011,0.0,-0.3804,0.5646999999999998,-0.3892
2026-02-12 09:36:12.641146,0.0,-0.3804,0.7261799999999997,-0.3892
2026-02-12 09:36:12.641191,0.0,-0.3804,0.44947999999999977,-0.3892
2026-02-12 09:36:12.641272,0.0,-0.3804,0.3684199999999998,-0.3892
2026-02-12 09:36:12.641396,0.0,-0.3804,0.36279999999999973,-0.3892
2026-02-12 09:36:12.641669,0.0,-0.3804,0.4472599999999997,-0.3892
2026-02-12 09:36:12.641856,0.0,-0.3804,0.12537999999999977,-0.3892
2026-02-12 09:36:12.642034,0.0,-0.3804,0.3875399999999998,-0.3892
2026-02-12 09:36:12.748696,-0.0516,-0.3804,0.3746999999999997,-0.3892
2026-02-12 09:36:12.748794,-0.12695000000000017,-0.3804,0.2612999999999996,-0.3892
2026-02-12 09:36:12.748990,-0.36603333333333343,-0.3804,-0.08255000000000062,-0.3892
2026-02-12 09:36:12.749138,-0.32510000000000006,-0.3804,0.6369,-0.3892
2026-02-12 09:36:12.749316,-0.4264000000000001,-0.3804,0.6369,-0.3892
2026-02-12 09:36:12.749537,-0.38050000000000006,-0.3804,0.6369,-0.3892
2026-02-12 09:36:12.749669,-0.2557400000000001,-0.3804,0.6369,-0.3892
2026-02-12 09:36:12.749795,0.03297999999999994,-0.3804,0.6369,-0.3892
2026-02-12 09:36:12.749904,0.009799999999999953,-0.3804,0.6369,-0.3892
2026-02-12 09:36:12.750011,0.32314,-0.3804,0.6369,-0.3892
2026-02-12 09:36:12.750123,0.34643999999999997,-0.3804,0.6369,-0.3892
2026-02-12 09:36:12.750322,0.07185999999999992,-0.3804,0.6369,-0.3892
2026-02-12 09:36:12.750627,0.10057999999999993,-0.3804,0.6369,-0.3892
2026-02-12 09:36:12.750801,0.0038199999999999346,-0.3804,0.6369,-0.3892
2026-02-12 09:36:12.750997,0.0021799999999999155,-0.3804,0.6369,-0.3892
2026-02-12 10:33:08.117032,-0.0708750000000001,-0.3804,0.6369,-0.8979
2026-02-12 10:33:08.117245,0.2226333333333332,-0.3804,0.6369,-0.8577499999999996
2026-02-12 10:33:08.117400,-0.037550000000000194,-0.3804,0.6369,-0.38119999999999976
2026-02-12 10:33:08.117706,0.7269,-0.3804,0.6369,-0.24762499999999982
2026-02-12 10:33:08.117777,0.7269,-0.3804,0.6369,-0.15283999999999986
2026-02-12 10:33:08.118062,0.7269,-0.3804,0.6369,0.14922000000000016
2026-02-12 10:33:08.118187,0.7269,-0.3804,0.6369,0.48206000000000016
2026-02-12 10:33:08.118245,0.7269,-0.3804,0.6369,0.3676800000000002
2026-02-12 10:33:08.118529,0.7269,-0.3804,0.6369,0.18016000000000015
2026-02-12 10:33:08.118813,0.7269,-0.3804,0.6369,-0.04881999999999984
2026-02-12 10:33:08.118905,0.7269,-0.3804,0.6369,-0.09091999999999986
2026-02-12 10:33:08.119105,0.7269,-0.3804,0.6369,-0.14875999999999984
2026-02-12 10:33:08.119292,0.7269,-0.3804,0.6369,-0.00507999999999984
2026-02-12 10:33:08.119381,0.7269,-0.3804,0.6369,0.15182000000000015
2026-02-12 10:33:08.119693,0.7269,-0.3804,0.6369,0.25770000000000015
2026-02-12 10:33:08.272442,0.7269,0.0,0.6369,0.22165000000000018
2026-02-12 10:33:08.272565,0.7269,0.15910000000000016,0.6369,0.10973333333333361
2026-02-12 10:33:08.272650,0.7269,0.02273333333333344,0.6369,-0.1945999999999996
2026-02-12 10:33:08.272918,0.7269,0.10900000000000008,0.6369,-0.3892
2026-02-12 10:33:08.273030,0.7269,0.08720000000000007,0.6369,-0.3892
2026-02-12 10:33:08.273271,0.7269,0.02800000000000007,0.6369,-0.3892
2026-02-12 10:33:08.273482,0.7269,0.08834000000000007,0.6369,-0.3892
2026-02-12 10:33:08.273567,0.7269,0.1435000000000001,0.6369,-0.3892
2026-02-12 10:33:08.273621,0.7269,0.06994000000000007,0.6369,-0.3892
2026-02-12 10:33:08.273730,0.7269,0.10566000000000006,0.6369,-0.3892
2026-02-12 10:33:08.273884,0.7269,0.31188000000000005,0.6369,-0.3892
2026-02-12 10:33:08.274106,0.7269,0.2601400000000001,0.6369,-0.3892
2026-02-12 10:33:08.274307,0.7269,0.30262000000000006,0.6369,-0.3892
2026-02-12 10:33:08.274475,0.7269,0.4601400000000001,0.6369,-0.3892
2026-02-12 10:33:08.370325,0.7269,0.5305250000000001,0.677,-0.3892
2026-02-12 10:33:08.370437,0.7269,0.4623333333333335,0.3384999999999994,-0.3892
2026-02-12 10:33:08.370538,0.7269,0.5129000000000002,0.22566666666666627,-0.3892
2026-02-12 10:33:08.370799,0.7269,0.7876,0.2697249999999997,-0.3892
2026-02-12 10:33:08.370866,0.7269,0.7876,0.21577999999999978,-0.3892
2026-02-12 10:33:08.371119,0.7269,0.7876,0.22229999999999978,-0.3892
2026-02-12 10:33:08.371285,0.7269,0.7876,0.39113999999999977,-0.3892
2026-02-12 10:33:08.371403,0.7269,0.7876,0.5397399999999998,-0.3892
2026-02-12 10:33:08.371564,0.7269,0.7876,0.5646999999999998,-0.3892
2026-02-12 10:33:08.371698,0.7269,0.7876,0.7261799999999997,-0.3892
2026-02-12 10:33:08.371742,0.7269,0.7876,0.44947999999999977,-0.3892
2026-02-12 10:33:08.371834,0.7269,0.7876,0.3684199999999998,-0.3892
2026-02-12 10:33:08.371961,0.7269,0.7876,0.36279999999999973,-0.3892
2026-02-12 10:33:08.372213,0.7269,0.7876,0.4472599999999997,-0.3892
2026-02-12 10:33:08.372398,0.7269,0.7876,0.12537999999999977,-0.3892
2026-02-12 10:33:08.517591,0.5052,0.7876,0.3251999999999997,-0.3892
2026-02-12 10:33:08.517716,0.5710499999999998,0.7876,0.2872999999999996,-0.3892
2026-02-12 10:33:08.518088,0.6973999999999999,0.7876,0.07349999999999934,-0.3892
2026-02-12 10:33:08.518214,0.3488999999999999,0.7876,-0.802,-0.3892
2026-02-12 10:33:08.518499,0.44795999999999997,0.7876,-0.802,-0.3892
2026-02-12 10:33:08.518621,0.32637999999999995,0.7876,-0.802,-0.3892
2026-02-12 10:33:08.518754,0.12045999999999993,0.7876,-0.802,-0.3892
2026-02-12 10:33:08.518862,-0.11956000000000007,0.7876,-0.802,-0.3892
2026-02-12 10:33:08.519037,-0.13714000000000007,0.7876,-0.802,-0.3892
2026-02-12 10:33:08.519181,-0.4284600000000001,0.7876,-0.802,-0.3892
2026-02-12 10:33:08.519331,-0.40792,0.7876,-0.802,-0.3892
2026-02-12 10:33:08.519419,-0.45436000000000004,0.7876,-0.802,-0.3892
2026-02-12 10:33:08.519575,-0.41468000000000005,0.7876,-0.802,-0.3892
2026-02-12 10:33:08.519667,-0.29824000000000006,0.7876,-0.802,-0.3892
2026-02-12 10:33:08.519861,-0.3446000000000001,0.7876,-0.802,-0.3892
2026-02-12 11:32:15.711312,-0.4307500000000001,0.7876,-0.802,-0.1531
2026-02-12 11:32:15.711664,-0.36603333333333343,0.7876,-0.802,-0.5254999999999996
2026-02-12 11:32:15.711845,-0.5232500000000001,0.7876,-0.802,-0.6228666666666665
2026-02-12 11:32:15.711988,-0.8442,0.7876,-0.802,-0.3241749999999998
2026-02-12 11:32:15.712282,-0.8442,0.7876,-0.802,-0.22871999999999987
2026-02-12 11:32:15.712338,-0.8442,0.7876,-0.802,-0.15283999999999986
2026-02-12 11:32:15.712586,-0.8442,0.7876,-0.802,0.14922000000000016
2026-02-12 11:32:15.712703,-0.8442,0.7876,-0.802,0.48206000000000016
2026-02-12 11:32:15.712756,-0.8442,0.7876,-0.802,0.3676800000000002
2026-02-12 11:32:15.713036,-0.8442,0.7876,-0.802,0.18016000000000015
2026-02-12 11:32:15.713325,-0.8442,0.7876,-0.802,-0.04881999999999984
2026-02-12 11:32:15.713398,-0.8442,0.7876,-0.802,-0.09091999999999986
2026-02-12 11:32:15.713582,-0.8442,0.7876,-0.802,-0.14875999999999984
2026-02-12 11:32:15.713762,-0.8442,0.7876,-0.802,-0.00507999999999984
2026-02-12 11:32:15.713845,-0.8442,0.7876,-0.802,0.15182000000000015
2026-02-12 11:32:15.876017,-0.8442,0.8708,-0.802,0.41942500000000016
2026-02-12 11:32:15.876209,-0.8442,0.5485500000000002,-0.802,0.4252666666666669
2026-02-12 11:32:15.876361,-0.8442,0.44113333333333343,-0.802,0.3592000000000004
2026-02-12 11:32:15.876440,-0.8442,0.4048500000000001,-0.802,0.0
2026-02-12 11:32:15.876634,-0.8442,0.2932600000000001,-0.802,0.0
2026-02-12 11:32:15.876893,-0.8442,0.30072000000000004,-0.802,0.0
2026-02-12 11:32:15.876944,-0.8442,0.2554600000000001,-0.802,0.0
2026-02-12 11:32:15.877026,-0.8442,0.27384000000000003,-0.802,0.0
2026-02-12 11:32:15.877110,-0.8442,0.16464000000000006,-0.802,0.0
2026-02-12 11:32:15.877322,-0.8442,0.26882000000000006,-0.802,0.0
2026-02-12 11:32:15.877414,-0.8442,0.08720000000000004,-0.802,0.0
2026-02-12 11:32:15.877622,-0.8442,0.028000000000000046,-0.802,0.0
2026-02-12 11:32:15.877821,-0.8442,0.08834000000000006,-0.802,0.0
2026-02-12 11:32:15.877896,-0.8442,0.14350000000000004,-0.802,0.0
2026-02-12 11:32:16.059772,-0.8442,0.08742500000000007,0.4939,0.0
2026-02-12 11:32:16.060020,-0.8442,0.11656666666666676,0.5653999999999995,0.0
2026-02-12 11:32:16.060306,-0.8442,0.32285000000000014,0.23696666666666624,0.0
2026-02-12 11:32:16.060492,-0.8442,0.0258,0.3469749999999997,0.0
2026-02-12 11:32:16.060599,-0.8442,0.0258,0.27757999999999977,0.0
2026-02-12 11:32:16.060710,-0.8442,0.0258,0.17879999999999976,0.0
2026-02-12 11:32:16.060990,-0.8442,0.0258,0.13179999999999975,0.0
2026-02-12 11:32:16.061037,-0.8442,0.0258,0.21577999999999972,0.0
2026-02-12 11:32:16.061299,-0.8442,0.0258,0.22229999999999972,0.0
2026-02-12 11:32:16.061460,-0.8442,0.0258,0.3911399999999997,0.0
2026-02-12 11:32:16.061576,-0.8442,0.0258,0.5397399999999998,0.0
2026-02-12 11:32:16.061736,-0.8442,0.0258,0.5646999999999996,0.0
2026-02-12 11:32:16.061869,-0.8442,0.0258,0.7261799999999997,0.0
2026-02-12 11:32:16.061912,-0.8442,0.0258,0.4494799999999997,0.0
2026-02-12 11:32:16.061990,-0.8442,0.0258,0.36841999999999975,0.0
2026-02-12 11:32:16.228166,0.8806,0.0258,0.27477499999999966,0.0
2026-02-12 11:32:16.228346,0.05444999999999989,0.0258,0.19079999999999955,0.0
2026-02-12 11:32:16.228511,0.29353333333333326,0.0258,-0.11750000000000066,0.0
2026-02-12 11:32:16.228798,0.11517499999999996,0.0258,0.4389,0.0
2026-02-12 11:32:16.229015,0.23751999999999995,0.0258,0.4389,0.0
2026-02-12 11:32:16.229170,0.15673999999999996,0.0258,0.4389,0.0
2026-02-12 11:32:16.229316,0.34665999999999997,0.0258,0.4389,0.0
2026-02-12 11:32:16.229571,0.37394,0.0258,0.4389,0.0
2026-02-12 11:32:16.229675,0.5778000000000001,0.0258,0.4389,0.0
2026-02-12 11:32:16.229815,0.5905400000000001,0.0258,0.4389,0.0
2026-02-12 11:32:16.229890,0.44946,0.0258,0.4389,0.0
2026-02-12 11:32:16.230157,0.51492,0.0258,0.4389,0.0
2026-02-12 11:32:16.230247,0.46068,0.0258,0.4389,0.0
2026-02-12 11:32:16.230538,0.53082,0.0258,0.4389,0.0
2026-02-12 11:32:16.230635,0.23337999999999998,0.0258,0.4389,0.0
